continent,year,co2,cement_co2,coal_co2,flaring_co2,gas_co2,oil_co2,other_industry_co2,co2_per_capita,land_use_change_co2,primary_energy_consumption,temperature_change_from_co2,temperature_change_from_ch4,temperature_change_from_n2o,temperature_change_from_ghg
Africa,1980,535.678,14.673,212.398,76.248,34.632,197.728,0.0,1.114,597.957,1692.144,0.036,0.026,0.004,0.066
Africa,1981,548.571,15.928,237.34,52.539,29.401,213.362,0.0,1.108,657.816,1898.898,0.037,0.027,0.004,0.068
Africa,1982,571.727,17.024,250.232,44.95,23.985,235.536,0.0,1.122,598.486,2023.654,0.037,0.027,0.004,0.069
Africa,1983,594.561,18.731,260.943,41.279,30.431,243.177,0.0,1.133,894.725,2083.755,0.038,0.028,0.005,0.07
Africa,1984,649.325,19.462,286.063,45.564,47.57,250.666,0.0,1.204,1117.343,2148.277,0.039,0.029,0.005,0.072
Africa,1985,665.686,19.119,294.697,51.4,48.848,251.621,0.0,1.2,1259.781,2235.495,0.04,0.029,0.005,0.073
Africa,1986,689.698,18.417,305.787,53.018,58.357,254.118,0.0,1.208,953.791,2281.272,0.04,0.03,0.005,0.075
Africa,1987,689.703,20.019,312.518,44.862,67.872,244.433,0.0,1.175,920.204,2354.796,0.041,0.03,0.005,0.076
Africa,1988,724.697,21.568,322.719,49.233,68.952,262.225,0.0,1.201,883.049,2520.53,0.042,0.031,0.005,0.078
Africa,1989,697.797,22.508,313.482,22.048,71.403,268.357,0.0,1.125,864.726,2524.404,0.043,0.031,0.005,0.079
Africa,1990,658.281,22.755,295.753,20.795,75.954,243.024,0.0,1.033,967.456,2608.015,0.043,0.032,0.005,0.081
Africa,1991,687.829,24.384,306.648,20.799,78.466,257.532,0.0,1.052,959.187,2605.118,0.044,0.033,0.005,0.082
Africa,1992,666.901,24.768,288.434,23.351,74.272,256.077,0.0,0.994,1187.251,2644.381,0.045,0.033,0.005,0.084
Africa,1993,706.661,24.414,318.584,21.79,81.721,260.152,0.0,1.027,1260.735,2651.666,0.046,0.034,0.006,0.086
Africa,1994,790.281,24.884,330.423,92.812,85.589,256.573,0.0,1.12,1391.178,2741.011,0.047,0.035,0.006,0.087
Africa,1995,844.557,26.9,346.584,104.283,101.556,265.234,0.0,1.168,1401.911,2851.845,0.048,0.036,0.006,0.09
Africa,1996,872.321,27.419,352.718,119.662,108.019,264.502,0.0,1.176,1300.705,2924.537,0.049,0.037,0.006,0.092
Africa,1997,893.989,27.539,360.178,107.882,95.206,303.184,0.0,1.176,1330.517,2986.506,0.05,0.038,0.006,0.094
Africa,1998,912.442,28.57,354.754,101.273,112.712,315.133,0.0,1.172,1431.628,3032.832,0.051,0.039,0.006,0.096
Africa,1999,899.677,29.73,365.712,96.476,114.377,293.382,0.0,1.128,1274.92,3125.787,0.052,0.04,0.006,0.098
Africa,2000,930.043,30.897,369.186,103.38,114.35,312.23,0.0,1.137,1199.457,3196.057,0.052,0.041,0.007,0.1
Africa,2001,919.543,32.412,370.875,98.2,120.126,297.93,0.0,1.097,1270.841,3310.455,0.053,0.042,0.007,0.102
Africa,2002,899.274,34.928,360.04,82.498,134.355,287.454,0.0,1.046,1594.56,3353.255,0.054,0.043,0.007,0.104
Africa,2003,988.565,35.273,389.827,91.857,145.781,325.827,0.0,1.122,1639.127,3515.312,0.056,0.044,0.007,0.106
Africa,2004,1044.867,38.021,416.583,88.024,152.687,349.551,0.0,1.157,1513.779,3774.621,0.057,0.045,0.007,0.109
Africa,2005,1063.18,41.903,411.34,85.869,183.638,340.43,0.0,1.147,1393.448,3785.477,0.058,0.046,0.007,0.111
Africa,2006,1092.166,45.735,417.527,80.201,179.343,369.361,0.0,1.149,1366.815,3858.375,0.059,0.047,0.007,0.114
Africa,2007,1122.721,49.202,428.376,70.941,192.323,381.88,0.0,1.151,1500.003,4006.39,0.06,0.048,0.008,0.116
Africa,2008,1175.62,51.817,452.062,71.028,195.08,405.632,0.0,1.175,1714.935,4245.486,0.061,0.05,0.008,0.118
Africa,2009,1173.163,58.048,421.882,66.474,191.714,435.045,0.0,1.143,2014.71,4317.645,0.062,0.051,0.008,0.121
Africa,2010,1215.374,59.657,427.883,69.368,201.908,456.557,0.0,1.153,2277.717,4454.202,0.064,0.052,0.008,0.123
Africa,2011,1255.084,58.925,420.703,67.14,221.727,486.589,0.0,1.161,2481.933,4492.596,0.065,0.053,0.008,0.126
Africa,2012,1255.852,63.744,425.732,65.086,234.034,467.255,0.0,1.132,2206.099,4674.143,0.066,0.054,0.008,0.128
Africa,2013,1265.47,65.686,425.527,62.478,236.613,475.166,0.0,1.111,1939.35,4807.251,0.068,0.055,0.009,0.131
Africa,2014,1344.915,70.034,439.206,60.937,239.099,535.639,0.0,1.151,1608.325,4939.468,0.069,0.055,0.009,0.133
Africa,2015,1319.787,74.038,417.184,61.323,253.874,513.369,0.0,1.1,1464.187,5045.052,0.07,0.056,0.009,0.136
Africa,2016,1355.494,77.352,424.01,57.904,269.761,526.466,0.0,1.102,1461.667,5186.279,0.072,0.057,0.009,0.138
Africa,2017,1369.71,75.881,417.888,60.308,284.41,531.222,0.0,1.086,1480.333,5359.562,0.073,0.058,0.009,0.14
Africa,2018,1357.075,77.317,414.995,59.539,287.449,517.776,0.0,1.049,1226.966,5491.605,0.074,0.059,0.01,0.142
Africa,2019,1457.568,78.396,455.446,60.451,308.495,554.781,0.0,1.099,1065.326,5610.236,0.075,0.059,0.01,0.144
Africa,2020,1356.436,76.459,428.24,54.769,304.783,492.185,0.0,0.998,1154.762,5317.983,0.076,0.06,0.01,0.147
Africa,2021,1435.214,84.853,421.09,56.723,335.593,536.955,0.0,1.031,1188.655,5765.107,0.078,0.061,0.01,0.149
Africa,2022,1416.627,85.509,401.602,54.754,322.712,552.049,0.0,0.994,1115.87,5819.716,0.079,0.062,0.01,0.151
Africa,1980,535.678,0.0,0.0,0.0,0.0,0.0,0.0,0.0,0.0,0.0,0.0,0.0,0.0,0.0
Africa,1981,548.563,0.0,0.0,0.0,0.0,0.0,0.0,0.0,0.0,0.0,0.0,0.0,0.0,0.0
Africa,1982,571.724,0.0,0.0,0.0,0.0,0.0,0.0,0.0,0.0,0.0,0.0,0.0,0.0,0.0
Africa,1983,594.557,0.0,0.0,0.0,0.0,0.0,0.0,0.0,0.0,0.0,0.0,0.0,0.0,0.0
Africa,1984,649.321,0.0,0.0,0.0,0.0,0.0,0.0,0.0,0.0,0.0,0.0,0.0,0.0,0.0
Africa,1985,665.683,0.0,0.0,0.0,0.0,0.0,0.0,0.0,0.0,0.0,0.0,0.0,0.0,0.0
Africa,1986,689.694,0.0,0.0,0.0,0.0,0.0,0.0,0.0,0.0,0.0,0.0,0.0,0.0,0.0
Africa,1987,689.7,0.0,0.0,0.0,0.0,0.0,0.0,0.0,0.0,0.0,0.0,0.0,0.0,0.0
Africa,1988,724.689,0.0,0.0,0.0,0.0,0.0,0.0,0.0,0.0,0.0,0.0,0.0,0.0,0.0
Africa,1989,697.789,0.0,0.0,0.0,0.0,0.0,0.0,0.0,0.0,0.0,0.0,0.0,0.0,0.0
Africa,1990,658.274,0.0,0.0,0.0,0.0,0.0,0.0,0.0,0.0,0.0,0.0,0.0,0.0,0.0
Africa,1991,687.822,0.0,0.0,0.0,0.0,0.0,0.0,0.0,0.0,0.0,0.0,0.0,0.0,0.0
Africa,1992,666.894,0.0,0.0,0.0,0.0,0.0,0.0,0.0,0.0,0.0,0.0,0.0,0.0,0.0
Africa,1993,706.651,0.0,0.0,0.0,0.0,0.0,0.0,0.0,0.0,0.0,0.0,0.0,0.0,0.0
Africa,1994,790.27,0.0,0.0,0.0,0.0,0.0,0.0,0.0,0.0,0.0,0.0,0.0,0.0,0.0
Africa,1995,844.546,0.0,0.0,0.0,0.0,0.0,0.0,0.0,0.0,0.0,0.0,0.0,0.0,0.0
Africa,1996,872.31,0.0,0.0,0.0,0.0,0.0,0.0,0.0,0.0,0.0,0.0,0.0,0.0,0.0
Africa,1997,893.978,0.0,0.0,0.0,0.0,0.0,0.0,0.0,0.0,0.0,0.0,0.0,0.0,0.0
Africa,1998,912.431,0.0,0.0,0.0,0.0,0.0,0.0,0.0,0.0,0.0,0.0,0.0,0.0,0.0
Africa,1999,899.667,0.0,0.0,0.0,0.0,0.0,0.0,0.0,0.0,0.0,0.0,0.0,0.0,0.0
Africa,2000,930.032,0.0,0.0,0.0,0.0,0.0,0.0,0.0,0.0,0.0,0.0,0.0,0.0,0.0
Africa,2001,919.532,0.0,0.0,0.0,0.0,0.0,0.0,0.0,0.0,0.0,0.0,0.0,0.0,0.0
Africa,2002,899.263,0.0,0.0,0.0,0.0,0.0,0.0,0.0,0.0,0.0,0.0,0.0,0.0,0.0
Africa,2003,988.554,0.0,0.0,0.0,0.0,0.0,0.0,0.0,0.0,0.0,0.0,0.0,0.0,0.0
Africa,2004,1044.856,0.0,0.0,0.0,0.0,0.0,0.0,0.0,0.0,0.0,0.0,0.0,0.0,0.0
Africa,2005,1063.169,0.0,0.0,0.0,0.0,0.0,0.0,0.0,0.0,0.0,0.0,0.0,0.0,0.0
Africa,2006,1092.155,0.0,0.0,0.0,0.0,0.0,0.0,0.0,0.0,0.0,0.0,0.0,0.0,0.0
Africa,2007,1122.71,0.0,0.0,0.0,0.0,0.0,0.0,0.0,0.0,0.0,0.0,0.0,0.0,0.0
Africa,2008,1175.609,0.0,0.0,0.0,0.0,0.0,0.0,0.0,0.0,0.0,0.0,0.0,0.0,0.0
Africa,2009,1173.152,0.0,0.0,0.0,0.0,0.0,0.0,0.0,0.0,0.0,0.0,0.0,0.0,0.0
Africa,2010,1215.363,0.0,0.0,0.0,0.0,0.0,0.0,0.0,0.0,0.0,0.0,0.0,0.0,0.0
Africa,2011,1255.073,0.0,0.0,0.0,0.0,0.0,0.0,0.0,0.0,0.0,0.0,0.0,0.0,0.0
Africa,2012,1255.84,0.0,0.0,0.0,0.0,0.0,0.0,0.0,0.0,0.0,0.0,0.0,0.0,0.0
Africa,2013,1265.459,0.0,0.0,0.0,0.0,0.0,0.0,0.0,0.0,0.0,0.0,0.0,0.0,0.0
Africa,2014,1344.904,0.0,0.0,0.0,0.0,0.0,0.0,0.0,0.0,0.0,0.0,0.0,0.0,0.0
Africa,2015,1319.776,0.0,0.0,0.0,0.0,0.0,0.0,0.0,0.0,0.0,0.0,0.0,0.0,0.0
Africa,2016,1355.479,0.0,0.0,0.0,0.0,0.0,0.0,0.0,0.0,0.0,0.0,0.0,0.0,0.0
Africa,2017,1369.699,0.0,0.0,0.0,0.0,0.0,0.0,0.0,0.0,0.0,0.0,0.0,0.0,0.0
Africa,2018,1357.064,0.0,0.0,0.0,0.0,0.0,0.0,0.0,0.0,0.0,0.0,0.0,0.0,0.0
Africa,2019,1457.553,0.0,0.0,0.0,0.0,0.0,0.0,0.0,0.0,0.0,0.0,0.0,0.0,0.0
Africa,2020,1356.417,0.0,0.0,0.0,0.0,0.0,0.0,0.0,0.0,0.0,0.0,0.0,0.0,0.0
Africa,2021,1435.196,0.0,0.0,0.0,0.0,0.0,0.0,0.0,0.0,0.0,0.0,0.0,0.0,0.0
Africa,2022,1416.609,0.0,0.0,0.0,0.0,0.0,0.0,0.0,0.0,0.0,0.0,0.0,0.0,0.0
Asia,1980,4395.38,138.04,1938.658,167.959,278.813,1836.323,35.586,1.668,1992.599,14534.666,0.108,0.085,0.009,0.202
Asia,1981,4368.962,142.942,1978.109,115.854,300.135,1797.794,34.129,1.625,2660.611,14743.7,0.111,0.087,0.009,0.207
Asia,1982,4518.591,149.564,2121.124,116.756,284.193,1811.329,35.625,1.648,2767.475,15110.624,0.114,0.089,0.01,0.212
Asia,1983,4700.642,159.81,2229.566,103.348,290.669,1878.883,38.366,1.68,3292.673,15988.266,0.117,0.091,0.01,0.217
Asia,1984,4974.816,169.331,2429.608,73.485,374.034,1886.683,41.674,1.744,4490.294,17051.377,0.12,0.093,0.01,0.223
Asia,1985,5266.014,179.261,2656.711,63.793,415.041,1906.351,44.857,1.81,3866.223,20033.611,0.124,0.095,0.011,0.229
Asia,1986,5492.05,191.282,2777.494,56.395,450.11,1966.728,50.04,1.85,4230.253,20859.691,0.128,0.097,0.011,0.235
Asia,1987,5727.687,204.508,2939.011,55.393,493.339,1971.519,63.917,1.891,3691.022,22153.617,0.131,0.099,0.011,0.241
Asia,1988,6189.06,222.596,3164.736,59.641,525.559,2138.735,77.794,2.003,3405.163,23659.52,0.135,0.101,0.012,0.248
Asia,1989,6404.37,230.61,3218.176,57.263,567.227,2255.827,75.267,2.033,3264.877,24755.385,0.139,0.103,0.012,0.254
Asia,1990,6608.574,237.608,3262.189,70.492,644.444,2309.106,84.736,2.058,2767.057,25672.076,0.143,0.105,0.012,0.261
Asia,1991,7405.573,261.642,3377.762,90.147,697.597,2890.114,88.312,2.265,2187.254,26721.428,0.148,0.107,0.013,0.267
Asia,1992,7248.764,293.076,3438.392,60.479,745.75,2614.333,96.735,2.18,2476.765,27916.607,0.152,0.109,0.013,0.274
Asia,1993,7582.536,324.685,3571.158,56.387,803.389,2720.436,106.482,2.245,2217.464,29102.895,0.156,0.111,0.013,0.28
Asia,1994,7937.216,356.161,3729.349,81.958,854.445,2805.282,110.021,2.313,2669.888,30599.727,0.161,0.113,0.014,0.287
Asia,1995,8257.986,385.605,3945.261,78.845,863.214,2871.702,113.36,2.371,2363.543,31855.648,0.165,0.114,0.014,0.294
Asia,1996,8596.896,402.668,4107.405,87.057,906.268,2978.28,115.218,2.432,2549.183,33262.73,0.17,0.116,0.014,0.301
Asia,1997,8717.279,420.581,4111.506,95.251,958.337,3014.325,117.279,2.431,4167.509,34237.883,0.176,0.118,0.015,0.309
Asia,1998,8473.237,411.789,3924.422,86.051,959.045,2977.146,114.784,2.331,2802.852,34301.84,0.181,0.12,0.015,0.316
Asia,1999,8952.733,440.302,4118.997,86.883,1043.781,3150.129,112.641,2.429,2642.499,35393.363,0.186,0.122,0.016,0.323
Asia,2000,9328.854,464.469,4282.957,95.168,1076.719,3298.802,110.739,2.498,2313.207,36862.414,0.191,0.124,0.016,0.331
Asia,2001,9491.189,498.802,4365.292,91.126,1105.029,3321.918,109.022,2.507,2030.382,38113.672,0.196,0.126,0.016,0.338
Asia,2002,10012.85,522.916,4817.138,87.888,1168.589,3305.242,111.077,2.611,2132.497,39979.625,0.201,0.129,0.017,0.346
Asia,2003,11021.268,596.338,5518.748,100.226,1266.425,3424.658,114.873,2.838,1957.059,43105.566,0.207,0.131,0.017,0.355
Asia,2004,11680.722,621.244,5845.296,98.358,1372.66,3622.509,120.654,2.971,2129.705,47302.645,0.213,0.134,0.018,0.364
Asia,2005,12527.827,674.831,6537.647,99.411,1450.968,3634.769,130.2,3.148,1778.916,50936.59,0.219,0.136,0.018,0.373
Asia,2006,13389.9,745.274,7127.896,102.813,1607.741,3668.895,137.282,3.325,2262.998,53862.973,0.226,0.139,0.019,0.384
Asia,2007,14088.937,808.622,7680.117,95.204,1685.194,3676.345,143.454,3.457,1647.753,57129.203,0.232,0.142,0.019,0.394
Asia,2008,14828.029,834.749,8186.572,97.416,1802.913,3759.15,147.229,3.597,1853.361,59011.031,0.24,0.145,0.02,0.404
Asia,2009,15345.886,903.295,8561.64,97.17,1837.666,3796.413,149.702,3.679,2115.648,60291.379,0.247,0.148,0.02,0.415
Asia,2010,16496.832,975.432,9258.01,96.0,2016.377,4010.753,140.259,3.909,1352.111,64216.043,0.255,0.151,0.021,0.427
Asia,2011,17715.629,1063.298,10120.188,102.104,2204.802,4058.41,166.826,4.15,1777.615,67480.969,0.264,0.155,0.021,0.44
Asia,2012,18400.994,1089.928,10465.703,109.177,2278.833,4288.292,169.06,4.262,1735.403,69836.461,0.273,0.158,0.022,0.453
Asia,2013,18635.371,1146.641,10567.944,110.704,2304.367,4318.665,187.05,4.269,1666.613,71646.883,0.282,0.162,0.022,0.466
Asia,2014,18959.088,1191.828,10697.459,113.773,2490.356,4269.962,195.71,4.297,2534.851,73630.586,0.291,0.166,0.023,0.479
Asia,2015,19113.156,1136.912,10622.256,115.579,2571.196,4470.7,196.514,4.287,2647.906,74994.586,0.301,0.169,0.023,0.493
Asia,2016,19244.576,1178.406,10507.371,118.387,2673.177,4569.505,197.73,4.274,1594.95,76099.789,0.31,0.173,0.024,0.506
Asia,2017,19773.783,1199.286,10775.704,122.138,2779.979,4696.646,200.032,4.349,1974.589,79071.023,0.32,0.176,0.024,0.52
Asia,2018,20401.152,1260.769,11124.824,117.398,2925.812,4771.013,201.336,4.446,2033.823,81961.859,0.33,0.18,0.025,0.534
Asia,2019,20855.637,1307.911,11414.603,108.813,2988.979,4829.352,205.978,4.507,2603.85,84384.469,0.34,0.184,0.025,0.549
Asia,2020,20519.535,1330.355,11388.295,108.804,3017.084,4475.47,199.528,4.4,2421.081,84028.445,0.35,0.188,0.026,0.563
Asia,2021,21438.682,1367.846,11931.175,116.185,3191.468,4630.637,201.373,4.568,2525.785,88339.539,0.36,0.191,0.026,0.578
Asia,2022,21772.348,1281.388,12350.816,113.168,3136.482,4689.12,201.373,4.611,2609.111,87592.508,0.371,0.196,0.027,0.593
Asia,1980,3842.749,0.0,0.0,0.0,0.0,0.0,0.0,0.0,0.0,0.0,0.0,0.0,0.0,0.0
Asia,1981,3818.677,0.0,0.0,0.0,0.0,0.0,0.0,0.0,0.0,0.0,0.0,0.0,0.0,0.0
Asia,1982,3956.348,0.0,0.0,0.0,0.0,0.0,0.0,0.0,0.0,0.0,0.0,0.0,0.0,0.0
Asia,1983,4108.107,0.0,0.0,0.0,0.0,0.0,0.0,0.0,0.0,0.0,0.0,0.0,0.0,0.0
Asia,1984,4354.411,0.0,0.0,0.0,0.0,0.0,0.0,0.0,0.0,0.0,0.0,0.0,0.0,0.0
Asia,1985,4597.335,0.0,0.0,0.0,0.0,0.0,0.0,0.0,0.0,0.0,0.0,0.0,0.0,0.0
Asia,1986,4780.446,0.0,0.0,0.0,0.0,0.0,0.0,0.0,0.0,0.0,0.0,0.0,0.0,0.0
Asia,1987,5000.45,0.0,0.0,0.0,0.0,0.0,0.0,0.0,0.0,0.0,0.0,0.0,0.0,0.0
Asia,1988,5414.077,0.0,0.0,0.0,0.0,0.0,0.0,0.0,0.0,0.0,0.0,0.0,0.0,0.0
Asia,1989,5584.615,0.0,0.0,0.0,0.0,0.0,0.0,0.0,0.0,0.0,0.0,0.0,0.0,0.0
Asia,1990,5766.321,0.0,0.0,0.0,0.0,0.0,0.0,0.0,0.0,0.0,0.0,0.0,0.0,0.0
Asia,1991,5997.791,0.0,0.0,0.0,0.0,0.0,0.0,0.0,0.0,0.0,0.0,0.0,0.0,0.0
Asia,1992,6231.176,0.0,0.0,0.0,0.0,0.0,0.0,0.0,0.0,0.0,0.0,0.0,0.0,0.0
Asia,1993,6477.62,0.0,0.0,0.0,0.0,0.0,0.0,0.0,0.0,0.0,0.0,0.0,0.0,0.0
Asia,1994,6773.689,0.0,0.0,0.0,0.0,0.0,0.0,0.0,0.0,0.0,0.0,0.0,0.0,0.0
Asia,1995,7132.889,0.0,0.0,0.0,0.0,0.0,0.0,0.0,0.0,0.0,0.0,0.0,0.0,0.0
Asia,1996,7452.906,0.0,0.0,0.0,0.0,0.0,0.0,0.0,0.0,0.0,0.0,0.0,0.0,0.0
Asia,1997,7589.188,0.0,0.0,0.0,0.0,0.0,0.0,0.0,0.0,0.0,0.0,0.0,0.0,0.0
Asia,1998,7306.496,0.0,0.0,0.0,0.0,0.0,0.0,0.0,0.0,0.0,0.0,0.0,0.0,0.0
Asia,1999,7696.359,0.0,0.0,0.0,0.0,0.0,0.0,0.0,0.0,0.0,0.0,0.0,0.0,0.0
Asia,2000,7940.077,0.0,0.0,0.0,0.0,0.0,0.0,0.0,0.0,0.0,0.0,0.0,0.0,0.0
Asia,2001,8087.27,0.0,0.0,0.0,0.0,0.0,0.0,0.0,0.0,0.0,0.0,0.0,0.0,0.0
Asia,2002,8590.896,0.0,0.0,0.0,0.0,0.0,0.0,0.0,0.0,0.0,0.0,0.0,0.0,0.0
Asia,2003,9507.141,0.0,0.0,0.0,0.0,0.0,0.0,0.0,0.0,0.0,0.0,0.0,0.0,0.0
Asia,2004,10049.575,0.0,0.0,0.0,0.0,0.0,0.0,0.0,0.0,0.0,0.0,0.0,0.0,0.0
Asia,2005,10832.524,0.0,0.0,0.0,0.0,0.0,0.0,0.0,0.0,0.0,0.0,0.0,0.0,0.0
Asia,2006,11584.675,0.0,0.0,0.0,0.0,0.0,0.0,0.0,0.0,0.0,0.0,0.0,0.0,0.0
Asia,2007,12292.028,0.0,0.0,0.0,0.0,0.0,0.0,0.0,0.0,0.0,0.0,0.0,0.0,0.0
Asia,2008,12889.317,0.0,0.0,0.0,0.0,0.0,0.0,0.0,0.0,0.0,0.0,0.0,0.0,0.0
Asia,2009,13327.96,0.0,0.0,0.0,0.0,0.0,0.0,0.0,0.0,0.0,0.0,0.0,0.0,0.0
Asia,2010,14366.533,0.0,0.0,0.0,0.0,0.0,0.0,0.0,0.0,0.0,0.0,0.0,0.0,0.0
Asia,2011,15540.582,0.0,0.0,0.0,0.0,0.0,0.0,0.0,0.0,0.0,0.0,0.0,0.0,0.0
Asia,2012,16079.69,0.0,0.0,0.0,0.0,0.0,0.0,0.0,0.0,0.0,0.0,0.0,0.0,0.0
Asia,2013,16360.906,0.0,0.0,0.0,0.0,0.0,0.0,0.0,0.0,0.0,0.0,0.0,0.0,0.0
Asia,2014,16575.174,0.0,0.0,0.0,0.0,0.0,0.0,0.0,0.0,0.0,0.0,0.0,0.0,0.0
Asia,2015,16612.158,0.0,0.0,0.0,0.0,0.0,0.0,0.0,0.0,0.0,0.0,0.0,0.0,0.0
Asia,2016,16682.631,0.0,0.0,0.0,0.0,0.0,0.0,0.0,0.0,0.0,0.0,0.0,0.0,0.0
Asia,2017,17134.459,0.0,0.0,0.0,0.0,0.0,0.0,0.0,0.0,0.0,0.0,0.0,0.0,0.0
Asia,2018,17738.508,0.0,0.0,0.0,0.0,0.0,0.0,0.0,0.0,0.0,0.0,0.0,0.0,0.0
Asia,2019,18190.26,0.0,0.0,0.0,0.0,0.0,0.0,0.0,0.0,0.0,0.0,0.0,0.0,0.0
Asia,2020,18005.277,0.0,0.0,0.0,0.0,0.0,0.0,0.0,0.0,0.0,0.0,0.0,0.0,0.0
Asia,2021,18805.865,0.0,0.0,0.0,0.0,0.0,0.0,0.0,0.0,0.0,0.0,0.0,0.0,0.0
Asia,2022,19102.592,0.0,0.0,0.0,0.0,0.0,0.0,0.0,0.0,0.0,0.0,0.0,0.0,0.0
Asia,1980,2609.173,97.783,618.657,163.782,249.006,1479.945,0.0,2.729,1146.118,0.0,0.073,0.046,0.004,0.123
Asia,1981,2577.508,100.152,642.799,109.987,272.863,1451.707,0.0,2.636,1141.564,0.0,0.075,0.047,0.004,0.126
Asia,1982,2586.626,101.018,659.145,110.418,256.933,1459.112,0.0,2.587,977.905,0.0,0.076,0.048,0.004,0.128
Asia,1983,2654.227,104.733,675.204,96.361,261.987,1515.942,0.0,2.595,964.439,0.0,0.078,0.048,0.005,0.131
Asia,1984,2768.428,106.672,743.918,65.073,343.638,1509.128,0.0,2.646,2068.548,0.0,0.08,0.049,0.005,0.134
Asia,1985,2870.339,105.57,818.911,57.839,383.021,1504.997,0.0,2.684,2068.217,0.0,0.082,0.05,0.005,0.137
Asia,1986,2961.527,107.914,846.931,51.431,413.448,1541.802,0.0,2.71,2596.677,0.0,0.085,0.051,0.005,0.14
Asia,1987,3014.606,112.668,876.887,48.765,453.962,1522.325,0.0,2.701,2174.036,0.0,0.087,0.052,0.005,0.144
Asia,1988,3271.474,119.406,954.866,52.17,483.042,1661.99,0.0,2.871,1736.262,0.0,0.089,0.052,0.005,0.147
Asia,1989,3400.064,124.933,958.311,46.26,519.888,1750.672,0.0,2.923,1645.895,0.0,0.092,0.053,0.005,0.15
Asia,1990,3545.724,130.747,918.992,60.621,594.046,1820.648,20.67,2.989,1225.084,0.0,0.094,0.054,0.005,0.153
Asia,1991,4184.112,135.834,934.799,82.314,643.257,2367.664,20.246,3.459,1038.568,0.0,0.097,0.055,0.006,0.157
Asia,1992,3862.53,145.474,912.262,56.914,688.254,2040.485,19.139,3.133,1255.018,0.0,0.099,0.055,0.006,0.16
Asia,1993,3983.586,155.309,909.292,52.686,740.665,2105.008,20.626,3.172,1000.305,0.0,0.101,0.056,0.006,0.163
Asia,1994,4119.414,163.245,893.043,76.369,783.88,2182.615,20.262,3.222,1352.185,0.0,0.104,0.056,0.006,0.167
Asia,1995,4135.887,169.864,903.785,72.814,781.726,2187.191,20.508,3.179,1187.048,0.0,0.107,0.057,0.006,0.17
Asia,1996,4264.457,175.736,942.506,79.337,822.051,2224.497,20.331,3.223,1242.675,0.0,0.109,0.058,0.006,0.173
Asia,1997,4343.674,180.289,974.228,87.18,868.155,2212.163,21.659,3.229,2921.626,0.0,0.113,0.059,0.006,0.178
Asia,1998,4232.877,161.394,955.525,79.786,860.949,2154.992,20.231,3.096,1641.806,0.0,0.115,0.059,0.007,0.181
Asia,1999,4444.999,167.387,977.477,80.403,946.894,2252.401,20.436,3.199,1652.854,0.0,0.118,0.06,0.007,0.185
Asia,2000,4702.127,174.124,1108.344,88.457,973.05,2337.269,20.882,3.332,1450.326,0.0,0.121,0.061,0.007,0.189
Asia,2001,4771.707,181.235,1145.554,84.486,994.302,2345.897,20.232,3.329,1308.61,0.0,0.124,0.062,0.007,0.193
Asia,2002,4888.142,191.116,1199.907,81.8,1067.462,2326.936,20.921,3.359,1552.739,0.0,0.127,0.064,0.007,0.198
Asia,2003,5120.989,191.778,1291.146,93.26,1155.691,2366.944,22.169,3.467,1323.008,0.0,0.13,0.065,0.007,0.202
Asia,2004,5338.274,197.302,1340.04,91.401,1251.554,2435.182,22.794,3.563,1449.458,0.0,0.133,0.066,0.008,0.206
Asia,2005,5460.009,203.496,1391.789,92.12,1315.572,2432.22,24.813,3.593,1349.399,0.0,0.136,0.068,0.008,0.211
Asia,2006,5603.078,210.282,1448.957,95.538,1421.408,2400.667,26.226,3.634,1819.448,0.0,0.139,0.069,0.008,0.216
Asia,2007,5712.854,225.308,1547.737,88.397,1467.723,2357.096,26.593,3.653,1194.0,0.0,0.142,0.071,0.008,0.221
Asia,2008,5837.094,235.579,1546.303,90.863,1562.962,2375.799,25.586,3.681,1352.384,0.0,0.145,0.072,0.008,0.226
Asia,2009,5842.581,238.467,1549.193,90.735,1560.799,2381.406,21.981,3.632,1674.92,0.0,0.149,0.073,0.009,0.23
Asia,2010,6198.868,249.811,1673.233,90.322,1682.671,2478.682,24.149,3.8,1222.402,0.0,0.152,0.075,0.009,0.236
Asia,2011,6418.506,263.419,1736.017,95.602,1822.551,2474.447,26.47,3.881,1619.103,0.0,0.155,0.077,0.009,0.241
Asia,2012,6695.939,274.909,1794.444,101.852,1875.629,2621.767,27.338,3.995,1516.642,0.0,0.159,0.079,0.009,0.247
Asia,2013,6683.896,290.498,1798.107,103.806,1873.55,2587.103,30.833,3.936,1402.885,0.0,0.163,0.08,0.009,0.253
Asia,2014,6812.07,297.376,1865.335,106.313,2010.667,2501.893,30.487,3.96,1992.203,0.0,0.167,0.082,0.009,0.259
Asia,2015,7011.986,297.409,1905.691,107.54,2084.273,2585.778,31.295,4.026,2119.255,0.0,0.171,0.084,0.01,0.265
Asia,2016,7124.89,312.081,1936.567,111.541,2137.828,2597.071,29.802,4.043,1217.104,0.0,0.175,0.086,0.01,0.271
Asia,2017,7336.026,320.054,2061.13,116.346,2174.697,2633.5,30.299,4.115,1391.915,0.0,0.179,0.088,0.01,0.277
Asia,2018,7454.159,335.06,2140.106,111.5,2224.242,2613.455,29.797,4.135,1212.287,0.0,0.182,0.09,0.01,0.283
Asia,2019,7521.707,337.371,2229.492,102.52,2230.132,2593.47,28.721,4.127,1757.833,0.0,0.187,0.093,0.011,0.29
Asia,2020,7183.972,349.214,2146.95,100.829,2212.616,2346.373,27.989,3.901,1518.823,0.0,0.19,0.094,0.011,0.296
Asia,2021,7428.228,366.838,2184.442,108.601,2294.173,2444.338,29.834,3.994,1570.008,0.0,0.194,0.096,0.011,0.302
Asia,2022,7545.928,353.701,2245.823,105.566,2257.301,2553.702,29.834,4.017,1593.199,0.0,0.198,0.098,0.011,0.308
Africa,1980,0.106,0.0,0.0,0.0,0.0,0.106,0.0,0.044,5.784,0.804,0.0,0.0,0.0,0.001
Africa,1981,0.136,0.0,0.0,0.0,0.0,0.136,0.0,0.056,6.521,0.981,0.0,0.0,0.0,0.001
Africa,1982,0.143,0.0,0.0,0.0,0.0,0.143,0.0,0.058,6.338,1.051,0.0,0.0,0.0,0.001
Africa,1983,0.147,0.0,0.0,0.0,0.0,0.147,0.0,0.059,6.684,1.1,0.0,0.0,0.0,0.001
Africa,1984,0.15,0.0,0.0,0.0,0.0,0.15,0.0,0.06,5.95,1.056,0.0,0.0,0.0,0.001
Africa,1985,0.161,0.0,0.0,0.0,0.0,0.161,0.0,0.063,7.519,1.026,0.0,0.0,0.0,0.001
Africa,1986,0.161,0.0,0.0,0.0,0.0,0.161,0.0,0.062,6.326,1.256,0.0,0.0,0.0,0.001
Africa,1987,0.26,0.0,0.0,0.0,0.0,0.26,0.0,0.099,5.733,1.163,0.0,0.0,0.0,0.001
Africa,1988,0.231,0.0,0.0,0.0,0.0,0.231,0.0,0.087,5.283,1.166,0.0,0.0,0.0,0.001
Africa,1989,0.249,0.0,0.0,0.0,0.0,0.249,0.0,0.091,5.184,1.166,0.0,0.0,0.0,0.001
Africa,1990,0.183,0.0,0.0,0.0,0.0,0.183,0.0,0.065,5.15,1.24,0.0,0.0,0.0,0.001
Africa,1991,0.191,0.0,0.0,0.0,0.0,0.191,0.0,0.066,5.846,1.3,0.0,0.0,0.0,0.001
Africa,1992,0.194,0.0,0.0,0.0,0.0,0.194,0.0,0.065,5.563,1.25,0.0,0.0,0.0,0.001
Africa,1993,0.198,0.0,0.0,0.0,0.0,0.198,0.0,0.064,5.483,1.364,0.0,0.0,0.0,0.001
Africa,1994,0.209,0.0,0.0,0.0,0.0,0.209,0.0,0.066,5.589,1.431,0.0,0.0,0.0,0.001
Africa,1995,0.209,0.0,0.0,0.0,0.0,0.209,0.0,0.064,5.425,1.434,0.0,0.0,0.0,0.001
Africa,1996,0.213,0.0,0.0,0.0,0.0,0.213,0.0,0.063,5.479,1.503,0.0,0.0,0.0,0.001
Africa,1997,0.216,0.0,0.0,0.0,0.0,0.216,0.0,0.063,6.322,1.503,0.0,0.0,0.0,0.001
Africa,1998,0.22,0.0,0.0,0.0,0.0,0.22,0.0,0.062,8.673,1.496,0.0,0.0,0.0,0.001
Africa,1999,0.231,0.0,0.0,0.0,0.0,0.231,0.0,0.063,8.071,1.497,0.0,0.0,0.0,0.001
Africa,2000,0.234,0.0,0.0,0.0,0.0,0.234,0.0,0.062,9.218,1.446,0.0,0.0,0.0,0.001
Africa,2001,0.245,0.0,0.0,0.0,0.0,0.245,0.0,0.064,7.959,1.485,0.0,0.0,0.0,0.001
Africa,2002,0.242,0.0,0.0,0.0,0.0,0.242,0.0,0.062,5.904,1.468,0.0,0.0,0.0,0.001
Africa,2003,0.224,0.0,0.0,0.0,0.0,0.224,0.0,0.056,7.871,1.381,0.0,0.0,0.0,0.001
Africa,2004,0.22,0.0,0.0,0.0,0.0,0.22,0.0,0.053,6.467,1.479,0.0,0.0,0.0,0.001
Africa,2005,0.216,0.0,0.0,0.0,0.0,0.216,0.0,0.051,5.676,1.482,0.0,0.0,0.0,0.001
Africa,2006,0.227,0.0,0.0,0.0,0.0,0.227,0.0,0.053,4.941,1.538,0.0,0.0,0.0,0.001
Africa,2007,0.231,0.0,0.0,0.0,0.0,0.231,0.0,0.053,4.95,1.528,0.0,0.0,0.0,0.001
Africa,2008,0.165,0.0,0.0,0.0,0.0,0.165,0.0,0.037,14.855,1.236,0.0,0.0,0.0,0.001
Africa,2009,0.161,0.0,0.0,0.0,0.0,0.161,0.0,0.035,4.273,1.189,0.0,0.0,0.0,0.001
Africa,2010,0.169,0.0,0.0,0.0,0.0,0.169,0.0,0.036,3.779,1.212,0.0,0.0,0.0,0.001
Africa,2011,0.187,0.0,0.0,0.0,0.0,0.187,0.0,0.039,3.48,1.323,0.0,0.001,0.0,0.001
Africa,2012,0.191,0.0,0.0,0.0,0.0,0.191,0.0,0.04,2.716,1.349,0.0,0.001,0.0,0.001
Africa,2013,0.117,0.0,0.0,0.0,0.0,0.117,0.0,0.024,2.723,0.993,0.0,0.001,0.0,0.001
Africa,2014,0.125,0.0,0.0,0.0,0.0,0.125,0.0,0.026,1.668,1.143,0.0,0.001,0.0,0.001
Africa,2015,0.18,0.0,0.0,0.0,0.0,0.18,0.0,0.037,1.861,1.431,0.0,0.001,0.0,0.001
Africa,2016,0.198,0.0,0.0,0.0,0.0,0.198,0.0,0.04,2.684,1.507,0.0,0.001,0.0,0.001
Africa,2017,0.216,0.0,0.0,0.0,0.0,0.216,0.0,0.043,4.739,1.507,0.0,0.001,0.0,0.001
Africa,2018,0.22,0.0,0.0,0.0,0.0,0.22,0.0,0.043,2.735,1.541,0.0,0.001,0.0,0.001
Africa,2019,0.227,0.0,0.0,0.0,0.0,0.227,0.0,0.044,2.159,1.559,0.0,0.001,0.0,0.001
Africa,2020,0.238,0.0,0.0,0.0,0.0,0.238,0.0,0.045,2.343,1.5,0.0,0.001,0.0,0.001
Africa,2021,0.249,0.0,0.0,0.0,0.0,0.249,0.0,0.046,2.345,1.561,0.0,0.001,0.0,0.001
Africa,2022,0.226,0.0,0.0,0.0,0.0,0.226,0.0,0.041,2.346,0.0,0.0,0.001,0.0,0.001
Europe,1980,7749.258,173.538,3165.71,30.466,1139.938,3239.606,0.0,11.169,389.205,33296.145,0.159,0.058,0.011,0.229
Europe,1981,7467.59,167.58,3029.803,29.472,1181.737,3058.997,0.0,10.716,273.799,33056.219,0.163,0.059,0.011,0.233
Europe,1982,7407.606,163.044,3040.135,27.66,1196.537,2980.231,0.0,10.588,271.809,33006.098,0.166,0.06,0.012,0.238
Europe,1983,7414.092,163.04,3044.623,26.106,1262.154,2918.169,0.0,10.555,285.906,33467.973,0.169,0.06,0.012,0.242
Europe,1984,7465.077,157.41,3041.843,25.296,1334.701,2905.827,0.0,10.585,274.988,34504.148,0.173,0.061,0.012,0.246
Europe,1985,7789.208,151.694,3302.683,25.127,1423.862,2885.844,0.0,11.002,249.632,33413.352,0.176,0.062,0.013,0.251
Europe,1986,7802.156,153.992,3316.677,22.024,1373.125,2936.338,0.0,10.976,263.063,33999.641,0.18,0.062,0.013,0.255
Europe,1987,7825.48,154.169,3332.368,22.15,1515.495,2801.298,0.0,10.961,269.666,34772.836,0.183,0.063,0.013,0.259
Europe,1988,7862.962,158.458,3293.631,35.691,1581.219,2793.964,0.0,10.968,236.458,35176.734,0.187,0.063,0.014,0.264
Europe,1989,7828.834,160.602,3211.899,34.513,1632.499,2789.321,0.0,10.879,242.142,35108.652,0.19,0.064,0.014,0.268
Europe,1990,8038.431,153.587,2999.651,68.972,1748.241,2963.787,104.194,11.134,216.765,35091.113,0.194,0.064,0.014,0.272
Europe,1991,7738.463,142.575,2792.338,66.169,1745.879,2898.316,93.185,10.687,155.14,34684.59,0.197,0.065,0.014,0.276
Europe,1992,7097.75,132.613,2517.994,59.575,1725.942,2576.226,85.401,9.78,17.073,33424.168,0.201,0.065,0.015,0.28
Europe,1993,6807.967,119.811,2398.138,54.156,1719.732,2440.36,75.771,9.365,-10.719,32250.467,0.204,0.065,0.015,0.283
Europe,1994,6447.623,119.14,2252.18,50.778,1652.564,2302.232,70.728,8.861,-39.605,30958.039,0.206,0.064,0.015,0.286
Europe,1995,6424.748,120.927,2234.196,53.687,1660.421,2283.838,71.679,8.827,-105.426,30910.812,0.209,0.064,0.015,0.289
Europe,1996,6473.146,112.825,2194.408,54.007,1747.04,2298.113,66.752,8.891,314.331,31149.6,0.212,0.064,0.016,0.292
Europe,1997,6267.733,114.914,2072.185,55.348,1701.071,2258.424,65.792,8.608,-93.123,30616.441,0.215,0.063,0.016,0.294
Europe,1998,6240.96,117.11,1981.228,54.853,1754.54,2269.057,64.173,8.572,-99.017,30757.67,0.218,0.063,0.016,0.296
Europe,1999,6157.762,118.85,1900.506,55.921,1777.018,2240.99,64.477,8.462,-84.364,30730.572,0.22,0.062,0.016,0.299
Europe,2000,6155.591,122.094,1963.447,56.072,1790.35,2157.514,66.114,8.46,-213.038,31104.887,0.223,0.062,0.016,0.301
Europe,2001,6282.255,120.351,1995.141,55.221,1834.428,2211.341,65.773,8.635,-266.162,31523.469,0.226,0.061,0.017,0.303
Europe,2002,6249.997,121.404,1972.753,65.561,1832.792,2191.733,65.753,8.59,-284.799,31341.008,0.228,0.06,0.017,0.305
Europe,2003,6396.391,125.188,2019.03,65.724,1920.051,2198.641,67.756,8.785,-229.982,31852.928,0.231,0.06,0.017,0.307
Europe,2004,6429.227,132.816,2004.267,69.729,1954.338,2197.976,70.101,8.821,-218.681,32272.164,0.234,0.059,0.017,0.31
Europe,2005,6421.545,135.489,1961.064,72.621,1975.111,2207.012,70.249,8.801,-189.052,32365.791,0.236,0.058,0.017,0.312
Europe,2006,6522.041,141.672,2038.813,74.316,1982.805,2212.104,72.331,8.927,-214.588,32797.777,0.239,0.057,0.017,0.314
Europe,2007,6479.696,150.78,2041.73,84.487,1982.299,2146.928,73.471,8.85,-96.612,32563.539,0.242,0.057,0.018,0.316
Europe,2008,6404.985,139.183,1967.634,68.996,2009.595,2148.497,71.08,8.726,-159.167,32468.004,0.245,0.056,0.018,0.319
Europe,2009,5892.881,111.752,1750.184,67.948,1860.642,2045.5,56.855,8.01,76.129,30530.928,0.247,0.055,0.018,0.321
Europe,2010,6123.992,113.779,1819.147,78.107,2020.611,2030.213,62.133,8.309,219.08,31727.25,0.25,0.054,0.018,0.323
Europe,2011,6049.206,116.396,1864.437,82.084,1945.304,1975.921,65.064,8.192,-21.896,31329.412,0.253,0.054,0.018,0.325
Europe,2012,5999.425,112.247,1908.616,82.319,1899.887,1932.958,63.398,8.11,213.463,31261.297,0.256,0.053,0.019,0.327
Europe,2013,5844.851,110.145,1837.825,80.518,1847.698,1905.204,63.46,7.89,67.924,30934.982,0.258,0.053,0.019,0.329
Europe,2014,5614.21,112.716,1729.065,69.585,1727.729,1911.342,63.772,7.568,-58.474,30016.424,0.261,0.052,0.019,0.332
Europe,2015,5614.495,108.255,1705.921,63.993,1715.773,1958.122,62.43,7.557,262.37,29955.061,0.263,0.052,0.019,0.334
Europe,2016,5606.777,106.023,1611.051,66.548,1786.553,1975.684,60.916,7.534,266.637,30318.334,0.266,0.052,0.019,0.337
Europe,2017,5638.487,108.474,1557.094,72.088,1842.555,1996.434,61.841,7.565,278.746,30568.859,0.268,0.051,0.02,0.339
Europe,2018,5612.44,109.411,1520.498,79.465,1878.133,1960.905,64.028,7.521,289.242,30898.5,0.271,0.051,0.02,0.342
Europe,2019,5436.361,110.039,1338.429,91.546,1868.514,1966.371,61.462,7.277,115.006,30412.301,0.273,0.051,0.02,0.344
Europe,2020,5029.197,107.171,1171.049,84.845,1812.213,1795.651,58.268,6.732,184.381,28532.605,0.275,0.051,0.02,0.347
Europe,2021,5310.309,111.406,1268.393,84.652,1929.674,1854.134,62.049,7.118,183.764,29748.58,0.278,0.051,0.02,0.349
Europe,2022,5105.308,110.924,1206.754,84.454,1738.361,1902.906,61.908,6.858,203.449,29065.789,0.28,0.051,0.021,0.352
Europe,1980,7749.258,0.0,0.0,0.0,0.0,0.0,0.0,0.0,0.0,0.0,0.0,0.0,0.0,0.0
Europe,1981,7467.59,0.0,0.0,0.0,0.0,0.0,0.0,0.0,0.0,0.0,0.0,0.0,0.0,0.0
Europe,1982,7407.607,0.0,0.0,0.0,0.0,0.0,0.0,0.0,0.0,0.0,0.0,0.0,0.0,0.0
Europe,1983,7414.091,0.0,0.0,0.0,0.0,0.0,0.0,0.0,0.0,0.0,0.0,0.0,0.0,0.0
Europe,1984,7465.077,0.0,0.0,0.0,0.0,0.0,0.0,0.0,0.0,0.0,0.0,0.0,0.0,0.0
Europe,1985,7789.208,0.0,0.0,0.0,0.0,0.0,0.0,0.0,0.0,0.0,0.0,0.0,0.0,0.0
Europe,1986,7802.156,0.0,0.0,0.0,0.0,0.0,0.0,0.0,0.0,0.0,0.0,0.0,0.0,0.0
Europe,1987,7825.481,0.0,0.0,0.0,0.0,0.0,0.0,0.0,0.0,0.0,0.0,0.0,0.0,0.0
Europe,1988,7862.963,0.0,0.0,0.0,0.0,0.0,0.0,0.0,0.0,0.0,0.0,0.0,0.0,0.0
Europe,1989,7828.834,0.0,0.0,0.0,0.0,0.0,0.0,0.0,0.0,0.0,0.0,0.0,0.0,0.0
Europe,1990,8038.43,0.0,0.0,0.0,0.0,0.0,0.0,0.0,0.0,0.0,0.0,0.0,0.0,0.0
Europe,1991,7738.463,0.0,0.0,0.0,0.0,0.0,0.0,0.0,0.0,0.0,0.0,0.0,0.0,0.0
Europe,1992,7097.75,0.0,0.0,0.0,0.0,0.0,0.0,0.0,0.0,0.0,0.0,0.0,0.0,0.0
Europe,1993,6807.967,0.0,0.0,0.0,0.0,0.0,0.0,0.0,0.0,0.0,0.0,0.0,0.0,0.0
Europe,1994,6447.623,0.0,0.0,0.0,0.0,0.0,0.0,0.0,0.0,0.0,0.0,0.0,0.0,0.0
Europe,1995,6424.748,0.0,0.0,0.0,0.0,0.0,0.0,0.0,0.0,0.0,0.0,0.0,0.0,0.0
Europe,1996,6473.146,0.0,0.0,0.0,0.0,0.0,0.0,0.0,0.0,0.0,0.0,0.0,0.0,0.0
Europe,1997,6267.733,0.0,0.0,0.0,0.0,0.0,0.0,0.0,0.0,0.0,0.0,0.0,0.0,0.0
Europe,1998,6240.96,0.0,0.0,0.0,0.0,0.0,0.0,0.0,0.0,0.0,0.0,0.0,0.0,0.0
Europe,1999,6157.762,0.0,0.0,0.0,0.0,0.0,0.0,0.0,0.0,0.0,0.0,0.0,0.0,0.0
Europe,2000,6155.591,0.0,0.0,0.0,0.0,0.0,0.0,0.0,0.0,0.0,0.0,0.0,0.0,0.0
Europe,2001,6282.255,0.0,0.0,0.0,0.0,0.0,0.0,0.0,0.0,0.0,0.0,0.0,0.0,0.0
Europe,2002,6249.997,0.0,0.0,0.0,0.0,0.0,0.0,0.0,0.0,0.0,0.0,0.0,0.0,0.0
Europe,2003,6396.391,0.0,0.0,0.0,0.0,0.0,0.0,0.0,0.0,0.0,0.0,0.0,0.0,0.0
Europe,2004,6429.227,0.0,0.0,0.0,0.0,0.0,0.0,0.0,0.0,0.0,0.0,0.0,0.0,0.0
Europe,2005,6421.545,0.0,0.0,0.0,0.0,0.0,0.0,0.0,0.0,0.0,0.0,0.0,0.0,0.0
Europe,2006,6522.041,0.0,0.0,0.0,0.0,0.0,0.0,0.0,0.0,0.0,0.0,0.0,0.0,0.0
Europe,2007,6479.696,0.0,0.0,0.0,0.0,0.0,0.0,0.0,0.0,0.0,0.0,0.0,0.0,0.0
Europe,2008,6404.985,0.0,0.0,0.0,0.0,0.0,0.0,0.0,0.0,0.0,0.0,0.0,0.0,0.0
Europe,2009,5892.881,0.0,0.0,0.0,0.0,0.0,0.0,0.0,0.0,0.0,0.0,0.0,0.0,0.0
Europe,2010,6123.992,0.0,0.0,0.0,0.0,0.0,0.0,0.0,0.0,0.0,0.0,0.0,0.0,0.0
Europe,2011,6049.206,0.0,0.0,0.0,0.0,0.0,0.0,0.0,0.0,0.0,0.0,0.0,0.0,0.0
Europe,2012,5999.425,0.0,0.0,0.0,0.0,0.0,0.0,0.0,0.0,0.0,0.0,0.0,0.0,0.0
Europe,2013,5844.851,0.0,0.0,0.0,0.0,0.0,0.0,0.0,0.0,0.0,0.0,0.0,0.0,0.0
Europe,2014,5614.21,0.0,0.0,0.0,0.0,0.0,0.0,0.0,0.0,0.0,0.0,0.0,0.0,0.0
Europe,2015,5614.495,0.0,0.0,0.0,0.0,0.0,0.0,0.0,0.0,0.0,0.0,0.0,0.0,0.0
Europe,2016,5606.776,0.0,0.0,0.0,0.0,0.0,0.0,0.0,0.0,0.0,0.0,0.0,0.0,0.0
Europe,2017,5638.487,0.0,0.0,0.0,0.0,0.0,0.0,0.0,0.0,0.0,0.0,0.0,0.0,0.0
Europe,2018,5612.441,0.0,0.0,0.0,0.0,0.0,0.0,0.0,0.0,0.0,0.0,0.0,0.0,0.0
Europe,2019,5436.361,0.0,0.0,0.0,0.0,0.0,0.0,0.0,0.0,0.0,0.0,0.0,0.0,0.0
Europe,2020,5029.197,0.0,0.0,0.0,0.0,0.0,0.0,0.0,0.0,0.0,0.0,0.0,0.0,0.0
Europe,2021,5310.309,0.0,0.0,0.0,0.0,0.0,0.0,0.0,0.0,0.0,0.0,0.0,0.0,0.0
Europe,2022,5105.308,0.0,0.0,0.0,0.0,0.0,0.0,0.0,0.0,0.0,0.0,0.0,0.0,0.0
Europe,1980,3671.757,59.065,1529.673,26.479,657.569,1398.971,0.0,12.739,557.413,0.0,0.087,0.029,0.005,0.122
Europe,1981,3604.208,58.034,1433.979,26.39,700.672,1385.134,0.0,12.446,435.729,0.0,0.089,0.03,0.005,0.124
Europe,1982,3636.195,56.382,1425.47,25.888,739.953,1388.502,0.0,12.495,433.323,0.0,0.091,0.03,0.005,0.126
Europe,1983,3685.606,57.648,1427.361,25.307,791.772,1383.518,0.0,12.597,426.361,0.0,0.093,0.03,0.005,0.128
Europe,1984,3701.483,57.865,1356.567,24.412,852.496,1410.142,0.0,12.582,417.943,0.0,0.094,0.031,0.006,0.131
Europe,1985,3968.628,57.564,1566.356,24.137,932.162,1388.409,0.0,13.42,388.011,0.0,0.096,0.031,0.006,0.133
Europe,1986,3996.895,58.885,1609.923,20.768,898.295,1409.024,0.0,13.438,388.999,0.0,0.098,0.031,0.006,0.135
Europe,1987,3985.845,59.726,1619.471,19.749,1019.068,1267.83,0.0,13.319,399.484,0.0,0.1,0.032,0.006,0.138
Europe,1988,4065.069,61.094,1616.02,32.92,1084.213,1270.823,0.0,13.507,366.532,0.0,0.102,0.032,0.006,0.14
Europe,1989,3993.797,61.292,1545.631,32.279,1083.934,1270.661,0.0,13.21,360.554,0.0,0.104,0.032,0.006,0.143
Europe,1990,4168.003,58.351,1360.538,45.819,1170.712,1477.74,54.844,13.735,371.191,0.0,0.106,0.033,0.006,0.145
Europe,1991,3933.906,54.262,1245.177,44.729,1151.8,1388.109,49.828,12.927,302.07,0.0,0.108,0.033,0.006,0.147
Europe,1992,3419.127,46.071,1074.463,38.037,1152.943,1062.525,45.088,11.219,160.632,0.0,0.109,0.034,0.007,0.149
Europe,1993,3198.13,38.603,1015.766,32.88,1137.724,937.654,35.502,10.491,125.978,0.0,0.111,0.034,0.007,0.151
Europe,1994,2856.861,32.646,890.234,30.179,1070.574,804.145,29.082,9.381,105.0,0.0,0.112,0.034,0.007,0.152
Europe,1995,2787.69,31.011,889.194,32.501,1035.037,771.624,28.322,9.169,30.389,0.0,0.113,0.034,0.007,0.154
Europe,1996,2751.234,26.004,851.064,33.296,1069.538,746.638,24.694,9.061,455.913,0.0,0.114,0.034,0.007,0.155
Europe,1997,2612.199,26.14,778.031,33.319,1036.931,715.023,22.756,8.615,50.42,0.0,0.116,0.033,0.007,0.156
Europe,1998,2595.128,26.471,742.173,33.63,1073.842,698.091,20.92,8.576,4.223,0.0,0.117,0.033,0.007,0.157
Europe,1999,2567.401,26.826,721.629,34.734,1074.658,688.117,21.438,8.507,43.077,0.0,0.118,0.033,0.007,0.158
Europe,2000,2554.082,28.796,756.39,35.329,1070.128,641.151,22.289,8.486,-16.069,0.0,0.119,0.033,0.007,0.159
Europe,2001,2623.99,29.318,792.173,35.611,1090.0,654.73,22.158,8.743,-46.617,0.0,0.12,0.032,0.007,0.16
Europe,2002,2591.092,31.275,764.321,45.29,1082.65,645.57,21.984,8.659,-71.01,0.0,0.121,0.032,0.007,0.16
Europe,2003,2653.308,33.832,777.269,44.452,1131.817,642.295,23.643,8.891,-39.779,0.0,0.122,0.032,0.007,0.161
Europe,2004,2675.231,37.264,766.766,49.719,1148.141,648.451,24.891,8.987,-46.361,0.0,0.123,0.031,0.008,0.162
Europe,2005,2686.69,39.47,760.124,51.766,1146.745,662.953,25.633,9.045,6.273,0.0,0.124,0.031,0.008,0.163
Europe,2006,2777.513,42.877,819.841,51.526,1153.167,683.11,26.992,9.366,20.243,0.0,0.126,0.031,0.008,0.164
Europe,2007,2771.451,47.536,802.265,61.915,1161.22,670.916,27.599,9.351,65.048,0.0,0.127,0.03,0.008,0.165
Europe,2008,2780.627,43.12,816.421,46.659,1164.276,683.068,27.083,9.378,28.625,0.0,0.128,0.03,0.008,0.166
Europe,2009,2562.358,33.214,735.648,47.533,1069.471,655.424,21.068,8.632,217.349,0.0,0.129,0.03,0.008,0.167
Europe,2010,2692.547,36.827,750.857,57.009,1165.702,658.335,23.817,9.06,377.546,0.0,0.131,0.029,0.008,0.168
Europe,2011,2718.292,40.702,776.311,60.462,1155.412,660.378,25.028,9.134,104.387,0.0,0.132,0.029,0.008,0.169
Europe,2012,2740.996,40.912,823.172,60.764,1126.921,663.705,25.522,9.191,361.474,0.0,0.133,0.029,0.008,0.17
Europe,2013,2666.325,42.536,782.033,57.304,1095.82,663.175,25.458,8.919,232.401,0.0,0.134,0.028,0.008,0.171
Europe,2014,2572.629,41.918,712.02,47.037,1058.751,687.321,25.581,8.588,103.935,0.0,0.135,0.028,0.008,0.172
Europe,2015,2521.733,38.077,693.162,41.813,1015.571,708.194,24.917,8.399,430.715,0.0,0.137,0.028,0.008,0.173
Europe,2016,2508.78,35.872,647.856,44.837,1046.019,710.905,23.292,8.335,436.646,0.0,0.138,0.028,0.008,0.174
Europe,2017,2518.706,36.176,608.419,49.844,1074.039,726.454,23.774,8.352,445.621,0.0,0.139,0.028,0.008,0.176
Europe,2018,2566.201,35.803,620.978,57.559,1123.943,702.675,25.244,8.501,455.867,0.0,0.14,0.028,0.009,0.177
Europe,2019,2532.199,36.483,599.422,70.451,1093.102,708.342,24.398,8.384,284.455,0.0,0.141,0.029,0.009,0.179
Europe,2020,2399.226,36.763,559.701,65.897,1056.8,656.56,23.506,7.949,284.237,0.0,0.143,0.029,0.009,0.18
Europe,2021,2504.547,38.987,574.92,66.926,1138.515,661.05,24.15,8.321,308.529,0.0,0.144,0.029,0.009,0.182
Europe,2022,2343.401,39.199,495.479,66.712,1052.048,666.007,23.955,7.887,325.119,0.0,0.145,0.029,0.009,0.183
Europe,1980,3092.722,51.73,1268.954,18.451,569.146,1184.44,0.0,13.337,554.845,0.0,0.062,0.023,0.004,0.089
Europe,1981,3043.654,51.729,1172.561,18.414,611.066,1189.884,0.0,13.052,433.387,0.0,0.064,0.023,0.004,0.091
Europe,1982,3087.955,49.959,1180.719,18.381,646.639,1192.257,0.0,13.165,431.623,0.0,0.065,0.024,0.004,0.093
Europe,1983,3140.121,51.009,1180.127,18.148,694.603,1196.234,0.0,13.301,423.513,0.0,0.067,0.024,0.004,0.095
Europe,1984,3172.375,51.184,1179.008,17.956,752.887,1171.339,0.0,13.35,412.918,0.0,0.068,0.024,0.004,0.097
Europe,1985,3409.0,50.952,1332.041,19.103,824.221,1182.684,0.0,14.258,385.423,0.0,0.07,0.025,0.005,0.099
Europe,1986,3428.341,52.235,1361.436,16.932,790.028,1207.711,0.0,14.243,386.165,0.0,0.071,0.025,0.005,0.101
Europe,1987,3414.177,52.63,1360.174,15.712,911.559,1074.103,0.0,14.083,377.793,0.0,0.073,0.025,0.005,0.103
Europe,1988,3494.776,52.906,1366.24,32.92,978.35,1064.36,0.0,14.322,358.192,0.0,0.075,0.026,0.005,0.106
Europe,1989,3412.221,52.934,1299.736,32.279,979.224,1048.048,0.0,13.912,355.084,0.0,0.076,0.026,0.005,0.108
Europe,1990,3566.058,51.056,1107.848,39.032,1057.194,1259.94,50.988,14.481,367.293,0.0,0.078,0.027,0.005,0.11
Europe,1991,3324.493,48.268,991.555,38.468,1030.107,1169.719,46.377,13.462,299.533,0.0,0.079,0.027,0.005,0.112
Europe,1992,2825.281,40.615,836.716,31.593,1030.648,844.078,41.632,11.427,170.048,0.0,0.081,0.027,0.005,0.114
Europe,1993,2618.517,33.078,808.08,26.244,1000.134,718.491,32.49,10.593,134.087,0.0,0.082,0.028,0.005,0.115
Europe,1994,2282.844,26.279,694.858,22.753,925.119,588.409,25.426,9.252,108.976,0.0,0.083,0.028,0.005,0.116
Europe,1995,2221.531,24.726,707.495,24.16,880.784,560.029,24.337,9.026,23.132,0.0,0.084,0.028,0.005,0.117
Europe,1996,2164.473,19.587,677.993,24.589,891.995,529.745,20.563,8.815,442.514,0.0,0.085,0.028,0.006,0.118
Europe,1997,2049.49,19.43,623.302,26.108,854.044,507.279,19.328,8.367,44.135,0.0,0.086,0.028,0.006,0.119
Europe,1998,2026.584,19.633,588.085,26.181,882.481,493.158,17.046,8.3,9.204,0.0,0.087,0.027,0.006,0.12
Europe,1999,2005.752,20.295,583.316,28.563,869.427,486.454,17.697,8.249,48.727,0.0,0.088,0.027,0.006,0.121
Europe,2000,1985.048,22.464,611.947,28.883,859.997,442.913,18.845,8.199,-16.711,0.0,0.089,0.027,0.006,0.121
Europe,2001,2046.02,23.474,638.639,29.118,879.84,456.079,18.87,8.489,-46.435,0.0,0.089,0.027,0.006,0.122
Europe,2002,2030.819,25.287,622.63,39.112,875.62,449.44,18.73,8.466,-72.744,0.0,0.09,0.026,0.006,0.123
Europe,2003,2081.689,27.964,624.166,38.889,923.355,447.898,19.417,8.719,-44.099,0.0,0.091,0.026,0.006,0.123
Europe,2004,2101.802,31.288,619.104,44.1,936.407,450.498,20.405,8.842,-52.918,0.0,0.092,0.026,0.006,0.124
Europe,2005,2116.352,33.529,612.091,45.775,941.307,462.505,21.145,8.943,-37.094,0.0,0.093,0.026,0.006,0.125
Europe,2006,2209.667,36.985,658.998,46.254,959.04,485.927,22.464,9.373,-1.88,0.0,0.094,0.026,0.006,0.125
Europe,2007,2211.885,41.419,651.421,56.498,964.701,474.755,23.09,9.407,47.32,0.0,0.095,0.025,0.006,0.126
Europe,2008,2235.694,37.915,677.202,41.909,961.621,494.268,22.779,9.523,17.721,0.0,0.096,0.025,0.006,0.127
Europe,2009,2068.25,29.493,621.825,42.652,881.401,475.16,17.72,8.816,209.665,0.0,0.097,0.025,0.006,0.128
Europe,2010,2180.643,33.035,632.826,52.271,963.775,478.487,20.248,9.302,370.742,0.0,0.098,0.025,0.006,0.129
Europe,2011,2248.579,36.605,659.162,56.009,987.176,488.318,21.31,9.596,93.749,0.0,0.099,0.024,0.006,0.129
Europe,2012,2253.519,37.189,675.166,57.118,968.681,493.416,21.949,9.613,344.534,0.0,0.1,0.024,0.006,0.13
Europe,2013,2188.714,38.507,639.577,53.088,938.198,497.418,21.927,9.328,216.564,0.0,0.101,0.024,0.006,0.132
Europe,2014,2133.822,37.703,596.587,42.601,914.259,520.811,21.861,9.088,92.067,0.0,0.102,0.024,0.007,0.133
Europe,2015,2099.272,33.683,601.614,37.172,867.671,537.421,21.711,8.932,410.98,0.0,0.103,0.024,0.007,0.134
Europe,2016,2109.35,31.318,600.031,40.278,880.277,536.975,20.47,8.963,417.667,0.0,0.104,0.025,0.007,0.135
Europe,2017,2131.338,31.766,569.29,45.543,912.341,551.604,20.794,9.051,433.302,0.0,0.105,0.025,0.007,0.136
Europe,2018,2186.472,31.439,587.698,53.083,962.457,529.588,22.207,9.286,442.086,0.0,0.106,0.025,0.007,0.138
Europe,2019,2167.446,32.035,574.91,66.168,933.782,539.346,21.206,9.213,270.528,0.0,0.107,0.025,0.007,0.139
Europe,2020,2072.963,32.863,536.892,62.454,907.379,512.58,20.795,8.83,268.804,0.0,0.108,0.026,0.007,0.14
Europe,2021,2157.082,34.771,550.506,63.395,978.66,508.38,21.369,9.229,293.107,0.0,0.109,0.026,0.007,0.142
Europe,2022,2024.746,35.127,475.899,63.476,915.339,513.5,21.406,8.818,309.188,0.0,0.11,0.026,0.007,0.143
Europe,1980,4077.501,114.473,1636.037,3.987,482.369,1840.635,0.0,10.052,-168.209,16284.769,0.072,0.029,0.006,0.107
Europe,1981,3863.381,109.546,1595.825,3.082,481.065,1673.864,0.0,9.487,-161.93,15805.867,0.074,0.03,0.006,0.109
Europe,1982,3771.411,106.662,1614.665,1.771,456.584,1591.729,0.0,9.229,-161.514,15435.106,0.075,0.03,0.006,0.111
Europe,1983,3728.486,105.393,1617.261,0.799,470.382,1534.651,0.0,9.097,-140.455,15500.392,0.077,0.03,0.007,0.114
Europe,1984,3763.594,99.545,1685.276,0.883,482.205,1495.684,0.0,9.156,-142.956,15974.367,0.078,0.031,0.007,0.116
Europe,1985,3820.581,94.129,1736.327,0.989,491.7,1497.435,0.0,9.268,-138.379,16793.137,0.08,0.031,0.007,0.118
Europe,1986,3805.261,95.107,1706.754,1.257,474.83,1527.314,0.0,9.204,-125.936,17032.24,0.082,0.031,0.007,0.12
Europe,1987,3839.636,94.443,1712.896,2.401,496.427,1533.469,0.0,9.259,-129.818,17396.512,0.083,0.031,0.007,0.122
Europe,1988,3797.893,97.364,1677.611,2.771,497.006,1523.141,0.0,9.13,-130.074,17542.27,0.085,0.031,0.007,0.124
Europe,1989,3835.037,99.31,1666.269,2.234,548.564,1518.661,0.0,9.191,-118.412,17587.875,0.087,0.031,0.008,0.126
Europe,1990,3870.427,95.237,1639.113,23.153,577.529,1486.047,49.35,9.248,-154.427,17441.887,0.088,0.031,0.008,0.127
Europe,1991,3804.558,88.313,1547.161,21.441,594.079,1510.208,43.356,9.063,-146.929,17412.021,0.09,0.031,0.008,0.129
Europe,1992,3678.624,86.542,1443.531,21.538,572.999,1513.702,40.313,8.737,-143.56,17096.35,0.092,0.031,0.008,0.131
Europe,1993,3609.838,81.207,1382.372,21.276,582.008,1502.705,40.269,8.552,-136.697,16963.26,0.093,0.031,0.008,0.132
Europe,1994,3590.762,86.493,1361.946,20.6,581.99,1498.087,41.646,8.487,-144.605,16910.789,0.095,0.031,0.008,0.134
Europe,1995,3637.058,89.916,1345.002,21.186,625.383,1512.214,43.357,8.582,-135.815,17344.645,0.096,0.031,0.008,0.135
Europe,1996,3721.912,86.821,1343.344,20.711,677.503,1551.475,42.058,8.77,-141.583,17885.293,0.098,0.03,0.009,0.137
Europe,1997,3655.535,88.774,1294.154,22.029,664.14,1543.401,43.036,8.602,-143.543,17790.088,0.099,0.03,0.009,0.138
Europe,1998,3645.833,90.639,1239.054,21.223,680.697,1570.966,43.253,8.569,-103.24,17953.213,0.101,0.03,0.009,0.14
Europe,1999,3590.361,92.024,1178.877,21.187,702.36,1552.873,43.039,8.429,-127.441,17876.934,0.103,0.029,0.009,0.141
Europe,2000,3601.509,93.298,1207.057,20.743,720.222,1516.363,43.825,8.442,-196.968,18024.484,0.104,0.029,0.009,0.142
Europe,2001,3658.265,91.034,1202.969,19.61,744.427,1556.611,43.615,8.559,-219.545,18357.258,0.106,0.029,0.009,0.143
Europe,2002,3658.905,90.129,1208.432,20.271,750.142,1546.163,43.769,8.541,-213.788,18250.045,0.107,0.028,0.009,0.145
Europe,2003,3743.083,91.356,1241.761,21.272,788.234,1556.346,44.114,8.711,-190.203,18581.652,0.109,0.028,0.009,0.146
Europe,2004,3753.996,95.552,1237.501,20.01,806.197,1549.525,45.21,8.707,-172.32,18847.787,0.11,0.027,0.01,0.147
Europe,2005,3734.855,96.019,1200.94,20.855,828.366,1544.059,44.616,8.633,-195.325,18856.963,0.112,0.027,0.01,0.149
Europe,2006,3744.527,98.795,1218.972,22.79,829.638,1528.994,45.339,8.627,-234.83,18976.783,0.114,0.027,0.01,0.15
Europe,2007,3708.245,103.244,1239.465,22.572,821.079,1476.012,45.872,8.51,-161.66,18753.803,0.115,0.026,0.01,0.151
Europe,2008,3624.359,96.063,1151.213,22.337,845.319,1465.429,43.997,8.284,-187.792,18681.641,0.117,0.026,0.01,0.153
Europe,2009,3330.523,78.539,1014.536,20.415,791.171,1390.077,35.787,7.589,-141.22,17562.053,0.118,0.025,0.01,0.154
Europe,2010,3431.445,76.952,1068.291,21.098,854.909,1371.878,38.317,7.801,-158.466,18282.508,0.12,0.025,0.01,0.155
Europe,2011,3330.913,75.695,1088.125,21.622,789.892,1315.543,40.036,7.557,-126.283,17744.684,0.121,0.025,0.01,0.156
Europe,2012,3258.429,71.335,1085.444,21.556,772.965,1269.254,37.876,7.381,-148.011,17552.506,0.122,0.024,0.011,0.157
Europe,2013,3178.525,67.609,1055.792,23.215,751.878,1242.029,38.003,7.193,-164.477,17427.893,0.124,0.024,0.011,0.159
Europe,2014,3041.581,70.798,1017.045,22.548,668.978,1224.021,38.191,6.877,-162.409,16816.438,0.125,0.024,0.011,0.16
Europe,2015,3092.762,70.178,1012.759,22.18,700.203,1249.928,37.513,6.986,-168.345,17048.617,0.126,0.024,0.011,0.161
Europe,2016,3097.996,70.152,963.195,21.711,740.535,1264.779,37.625,6.99,-170.008,17225.637,0.128,0.023,0.011,0.162
Europe,2017,3119.782,72.298,948.676,22.244,768.516,1269.98,38.068,7.031,-166.875,17495.193,0.129,0.023,0.011,0.163
Europe,2018,3046.24,73.608,899.52,21.906,754.191,1258.23,38.784,6.856,-166.625,17442.629,0.13,0.023,0.011,0.164
Europe,2019,2904.162,73.556,739.007,21.095,775.412,1258.029,37.064,6.526,-169.45,17154.908,0.132,0.023,0.011,0.166
Europe,2020,2629.971,70.408,611.348,18.948,755.413,1139.091,34.763,5.906,-99.856,15864.626,0.133,0.022,0.011,0.167
Europe,2021,2805.761,72.42,693.473,17.726,791.159,1193.084,37.9,6.304,-124.765,16726.084,0.134,0.022,0.012,0.168
Europe,2022,2761.907,71.725,711.275,17.741,686.313,1236.899,37.953,6.174,-121.67,16070.529,0.135,0.022,0.012,0.169
Europe,1980,4656.536,121.807,1896.756,12.015,570.792,2055.166,0.0,10.08,-165.64,0.0,0.097,0.035,0.007,0.14
Europe,1981,4423.936,115.851,1857.242,11.059,570.671,1869.113,0.0,9.542,-159.588,0.0,0.099,0.036,0.007,0.142
Europe,1982,4319.651,113.084,1859.416,9.279,549.898,1787.974,0.0,9.288,-159.815,0.0,0.101,0.036,0.007,0.145
Europe,1983,4273.971,112.031,1864.495,7.958,567.551,1721.935,0.0,9.164,-137.607,0.0,0.103,0.037,0.008,0.147
Europe,1984,4292.702,106.225,1862.835,7.339,581.815,1734.488,0.0,9.18,-137.931,0.0,0.105,0.037,0.008,0.149
Europe,1985,4380.208,100.742,1970.642,6.024,599.641,1703.16,0.0,9.342,-135.791,0.0,0.106,0.037,0.008,0.152
Europe,1986,4373.815,101.757,1955.241,5.093,583.097,1728.627,0.0,9.303,-123.102,0.0,0.108,0.037,0.008,0.154
Europe,1987,4411.303,101.539,1972.194,6.438,603.936,1727.196,0.0,9.356,-108.126,0.0,0.11,0.037,0.008,0.156
Europe,1988,4368.187,105.552,1927.391,2.771,602.869,1729.604,0.0,9.237,-121.734,0.0,0.112,0.037,0.009,0.158
Europe,1989,4416.613,107.668,1912.164,2.234,653.275,1741.273,0.0,9.311,-112.943,0.0,0.114,0.037,0.009,0.16
Europe,1990,4472.372,102.532,1891.802,29.94,691.046,1703.847,53.205,9.401,-150.528,0.0,0.116,0.037,0.009,0.162
Europe,1991,4413.97,94.307,1800.783,27.701,715.773,1728.598,46.808,9.251,-144.392,0.0,0.118,0.037,0.009,0.164
Europe,1992,4272.47,91.998,1681.278,27.982,695.294,1732.148,43.769,8.928,-152.976,0.0,0.12,0.037,0.009,0.166
Europe,1993,4189.45,86.732,1590.058,27.911,719.598,1721.868,43.282,8.732,-144.805,0.0,0.122,0.037,0.01,0.168
Europe,1994,4164.779,92.861,1557.322,28.025,727.445,1713.823,45.302,8.661,-148.581,0.0,0.123,0.037,0.01,0.17
Europe,1995,4203.217,96.201,1526.701,29.527,779.637,1723.809,47.341,8.725,-128.558,0.0,0.125,0.036,0.01,0.172
Europe,1996,4308.672,93.238,1516.416,29.418,855.045,1768.368,46.189,8.93,-128.183,0.0,0.127,0.036,0.01,0.173
Europe,1997,4218.243,95.485,1448.883,29.24,847.027,1751.144,46.464,8.73,-137.258,0.0,0.129,0.036,0.01,0.175
Europe,1998,4214.376,97.477,1393.142,28.671,872.058,1775.9,47.127,8.709,-108.221,0.0,0.131,0.036,0.01,0.177
Europe,1999,4152.01,98.555,1317.191,27.358,907.591,1754.536,46.78,8.569,-133.091,0.0,0.133,0.035,0.01,0.178
Europe,2000,4170.542,99.63,1351.5,27.19,930.354,1714.601,47.268,8.59,-196.327,0.0,0.134,0.035,0.011,0.18
Europe,2001,4236.236,96.878,1356.502,26.103,954.588,1755.262,46.904,8.707,-219.727,0.0,0.136,0.034,0.011,0.181
Europe,2002,4219.178,96.117,1350.123,26.449,957.172,1742.294,47.023,8.651,-212.055,0.0,0.138,0.034,0.011,0.183
Europe,2003,4314.702,97.224,1394.864,26.835,996.696,1750.744,48.339,8.817,-185.884,0.0,0.14,0.033,0.011,0.184
Europe,2004,4327.425,101.528,1385.164,25.629,1017.932,1747.478,49.695,8.811,-165.762,0.0,0.142,0.033,0.011,0.186
Europe,2005,4305.194,101.96,1348.973,26.846,1033.804,1744.507,49.104,8.732,-151.958,0.0,0.144,0.032,0.011,0.187
Europe,2006,4312.373,104.687,1379.815,28.062,1023.764,1726.177,49.867,8.715,-212.708,0.0,0.146,0.032,0.011,0.189
Europe,2007,4267.812,109.361,1390.309,27.989,1017.598,1672.173,50.381,8.587,-143.931,0.0,0.147,0.031,0.012,0.19
Europe,2008,4169.291,101.268,1290.432,27.087,1047.974,1654.229,48.301,8.351,-176.888,0.0,0.149,0.031,0.012,0.192
Europe,2009,3824.631,82.26,1128.359,25.295,979.242,1570.34,39.135,7.633,-133.537,0.0,0.151,0.03,0.012,0.193
Europe,2010,3943.35,80.744,1186.321,25.836,1056.836,1551.726,41.885,7.845,-151.662,0.0,0.153,0.03,0.012,0.194
Europe,2011,3800.627,79.791,1205.275,26.075,958.128,1487.603,43.755,7.54,-115.645,0.0,0.154,0.029,0.012,0.195
Europe,2012,3745.906,75.059,1233.45,25.202,931.205,1439.542,41.449,7.413,-131.072,0.0,0.156,0.029,0.012,0.197
Europe,2013,3656.136,71.639,1198.249,27.431,909.5,1407.785,41.534,7.223,-148.64,0.0,0.157,0.028,0.012,0.198
Europe,2014,3480.388,75.013,1132.478,26.984,813.47,1390.531,41.911,6.864,-150.541,0.0,0.159,0.028,0.012,0.199
Europe,2015,3515.222,74.572,1104.307,26.822,848.102,1420.701,40.719,6.921,-148.61,0.0,0.16,0.027,0.013,0.2
Europe,2016,3497.427,74.705,1011.02,26.27,906.277,1438.709,40.446,6.873,-151.03,0.0,0.162,0.027,0.013,0.202
Europe,2017,3507.149,76.708,987.804,26.546,930.214,1444.831,41.047,6.879,-154.557,0.0,0.163,0.027,0.013,0.203
Europe,2018,3425.969,77.972,932.8,26.383,915.676,1431.318,41.821,6.707,-152.844,0.0,0.165,0.026,0.013,0.204
Europe,2019,3268.916,78.005,763.52,25.378,934.732,1427.024,40.256,6.387,-155.522,0.0,0.166,0.026,0.013,0.205
Europe,2020,2956.234,74.308,634.157,22.391,904.833,1283.072,37.473,5.77,-84.423,0.0,0.168,0.026,0.013,0.206
Europe,2021,3153.227,76.635,717.887,21.257,951.014,1345.755,40.68,6.155,-109.343,0.0,0.169,0.025,0.013,0.207
Europe,2022,3080.561,75.798,730.855,20.978,823.022,1389.406,40.502,5.984,-105.739,0.0,0.17,0.025,0.013,0.209
North America,1980,5620.071,49.444,1545.892,23.588,1221.148,2767.384,12.616,15.427,783.0,24804.613,0.165,0.043,0.007,0.215
North America,1981,5494.362,48.86,1595.514,24.015,1196.091,2617.339,12.543,14.868,789.855,24282.295,0.167,0.044,0.007,0.219
North America,1982,5262.364,44.865,1548.357,30.984,1130.421,2498.348,9.389,14.051,805.984,23386.725,0.17,0.045,0.007,0.222
North America,1983,5202.118,45.744,1609.37,26.04,1074.848,2436.212,9.902,13.705,858.938,23284.488,0.172,0.045,0.008,0.225
North America,1984,5459.921,49.321,1730.039,24.05,1143.767,2502.182,10.562,14.195,823.492,24500.875,0.175,0.046,0.008,0.229
North America,1985,5463.514,49.725,1768.118,24.109,1115.809,2495.337,10.416,14.02,794.913,24572.254,0.177,0.046,0.008,0.232
North America,1986,5448.222,50.756,1741.044,21.055,1039.687,2586.071,9.609,13.802,870.788,24765.059,0.18,0.047,0.008,0.235
North America,1987,5654.275,53.564,1821.145,22.585,1099.222,2647.27,10.489,14.142,917.218,25587.734,0.183,0.047,0.008,0.238
North America,1988,5903.724,53.546,1910.898,20.996,1148.601,2758.314,11.369,14.575,942.932,26684.41,0.186,0.048,0.008,0.242
North America,1989,6015.881,53.837,1933.576,18.535,1226.403,2772.087,11.443,14.65,940.236,27324.299,0.188,0.048,0.009,0.245
North America,1990,5989.847,54.372,1930.653,62.633,1212.68,2701.829,27.68,14.371,940.722,27379.094,0.191,0.048,0.009,0.248
North America,1991,5935.607,52.197,1918.43,62.088,1234.617,2640.691,27.583,14.018,788.378,27391.898,0.194,0.049,0.009,0.251
North America,1992,6061.895,52.877,1941.921,63.032,1281.073,2695.854,27.138,14.093,750.356,27817.209,0.197,0.049,0.009,0.255
North America,1993,6166.705,55.585,1998.861,62.528,1314.103,2709.158,26.469,14.117,695.014,28385.902,0.2,0.049,0.009,0.258
North America,1994,6290.009,59.479,2018.364,62.343,1347.134,2774.766,27.922,14.185,809.099,29033.729,0.203,0.049,0.009,0.261
North America,1995,6349.919,58.47,2041.073,61.56,1403.062,2754.915,30.839,14.115,642.257,29616.012,0.206,0.05,0.009,0.265
North America,1996,6570.373,59.821,2126.26,62.568,1437.282,2852.284,32.157,14.403,638.89,30592.668,0.209,0.05,0.01,0.268
North America,1997,6687.401,62.717,2178.779,64.224,1447.279,2901.991,32.411,14.458,680.345,30856.672,0.212,0.05,0.01,0.272
North America,1998,6759.18,64.444,2210.146,63.434,1429.025,2958.81,33.321,14.415,707.506,31043.01,0.215,0.05,0.01,0.276
North America,1999,6854.257,66.236,2210.642,60.357,1449.919,3033.706,33.397,14.426,721.386,31627.182,0.219,0.05,0.01,0.279
North America,2000,7100.392,68.712,2321.665,60.721,1526.63,3092.332,30.333,14.755,703.273,32479.678,0.222,0.051,0.01,0.283
North America,2001,7011.181,68.311,2259.264,59.125,1470.927,3124.093,29.461,14.392,595.947,31801.469,0.225,0.051,0.011,0.286
North America,2002,7062.293,70.894,2265.513,58.755,1527.691,3109.585,29.855,14.328,577.556,32357.965,0.229,0.051,0.011,0.29
North America,2003,7175.886,71.395,2314.742,58.183,1506.487,3196.392,28.688,14.395,518.591,32510.041,0.232,0.051,0.011,0.294
North America,2004,7276.133,74.921,2322.622,58.448,1511.715,3277.782,30.645,14.432,398.646,33201.375,0.235,0.051,0.011,0.297
North America,2005,7324.302,76.963,2355.125,58.91,1498.58,3302.966,31.759,14.366,440.404,33439.102,0.239,0.051,0.011,0.301
North America,2006,7259.958,79.352,2320.949,60.387,1500.379,3265.52,33.372,14.083,346.237,33274.914,0.242,0.051,0.011,0.305
North America,2007,7366.565,79.642,2343.716,61.905,1590.138,3258.96,32.204,14.133,229.254,33787.371,0.245,0.051,0.012,0.309
North America,2008,7133.4,74.67,2293.33,64.465,1595.084,3074.697,31.155,13.537,225.673,33127.684,0.249,0.052,0.012,0.312
North America,2009,6651.773,59.76,2010.197,61.252,1572.544,2920.135,27.886,12.491,133.914,31613.355,0.252,0.052,0.012,0.315
North America,2010,6866.123,61.435,2133.672,62.968,1639.458,2935.504,33.086,12.762,153.097,32520.043,0.255,0.052,0.012,0.319
North America,2011,6768.487,63.077,2021.344,69.53,1682.023,2900.448,32.066,12.449,34.966,32529.238,0.258,0.052,0.012,0.322
North America,2012,6584.052,67.576,1794.376,76.1,1750.719,2862.03,33.251,11.983,148.243,31860.811,0.261,0.052,0.013,0.326
North America,2013,6718.273,67.187,1856.205,82.919,1802.637,2876.015,33.311,12.102,101.195,32622.266,0.264,0.052,0.013,0.329
North America,2014,6755.319,71.263,1844.005,89.904,1830.597,2884.661,34.888,12.05,367.056,32890.703,0.267,0.052,0.013,0.332
North America,2015,6609.918,73.023,1610.16,90.556,1882.283,2920.339,33.556,11.68,462.802,32638.002,0.27,0.052,0.013,0.335
North America,2016,6467.595,73.591,1478.101,78.329,1882.607,2924.115,30.851,11.321,579.424,32618.689,0.273,0.052,0.013,0.339
North America,2017,6418.243,75.754,1437.846,81.959,1857.379,2935.295,30.01,11.131,607.837,32810.961,0.276,0.052,0.014,0.342
North America,2018,6599.176,74.292,1373.659,95.432,2055.86,2973.085,26.847,11.347,582.081,33776.703,0.279,0.052,0.014,0.345
North America,2019,6489.115,74.841,1185.991,113.285,2106.921,2981.257,26.82,11.069,598.287,33535.547,0.282,0.053,0.014,0.348
North America,2020,5835.101,74.485,969.171,95.546,2098.437,2570.945,26.517,9.89,607.608,31067.723,0.285,0.053,0.014,0.351
North America,2021,6201.319,78.067,1088.216,93.155,2115.893,2799.018,26.971,10.459,641.744,32591.609,0.288,0.053,0.014,0.355
North America,2022,6279.689,77.439,1013.483,91.612,2209.843,2860.342,26.971,10.535,666.162,33338.938,0.291,0.053,0.014,0.358
North America,1980,5519.748,0.0,0.0,0.0,0.0,0.0,0.0,0.0,0.0,0.0,0.0,0.0,0.0,0.0
North America,1981,5400.326,0.0,0.0,0.0,0.0,0.0,0.0,0.0,0.0,0.0,0.0,0.0,0.0,0.0
North America,1982,5166.215,0.0,0.0,0.0,0.0,0.0,0.0,0.0,0.0,0.0,0.0,0.0,0.0,0.0
North America,1983,5115.723,0.0,0.0,0.0,0.0,0.0,0.0,0.0,0.0,0.0,0.0,0.0,0.0,0.0
North America,1984,5364.661,0.0,0.0,0.0,0.0,0.0,0.0,0.0,0.0,0.0,0.0,0.0,0.0,0.0
North America,1985,5362.265,0.0,0.0,0.0,0.0,0.0,0.0,0.0,0.0,0.0,0.0,0.0,0.0,0.0
North America,1986,5361.923,0.0,0.0,0.0,0.0,0.0,0.0,0.0,0.0,0.0,0.0,0.0,0.0,0.0
North America,1987,5563.002,0.0,0.0,0.0,0.0,0.0,0.0,0.0,0.0,0.0,0.0,0.0,0.0,0.0
North America,1988,5812.49,0.0,0.0,0.0,0.0,0.0,0.0,0.0,0.0,0.0,0.0,0.0,0.0,0.0
North America,1989,5919.147,0.0,0.0,0.0,0.0,0.0,0.0,0.0,0.0,0.0,0.0,0.0,0.0,0.0
North America,1990,5897.219,0.0,0.0,0.0,0.0,0.0,0.0,0.0,0.0,0.0,0.0,0.0,0.0,0.0
North America,1991,5843.962,0.0,0.0,0.0,0.0,0.0,0.0,0.0,0.0,0.0,0.0,0.0,0.0,0.0
North America,1992,5971.711,0.0,0.0,0.0,0.0,0.0,0.0,0.0,0.0,0.0,0.0,0.0,0.0,0.0
North America,1993,6076.091,0.0,0.0,0.0,0.0,0.0,0.0,0.0,0.0,0.0,0.0,0.0,0.0,0.0
North America,1994,6195.721,0.0,0.0,0.0,0.0,0.0,0.0,0.0,0.0,0.0,0.0,0.0,0.0,0.0
North America,1995,6248.832,0.0,0.0,0.0,0.0,0.0,0.0,0.0,0.0,0.0,0.0,0.0,0.0,0.0
North America,1996,6463.61,0.0,0.0,0.0,0.0,0.0,0.0,0.0,0.0,0.0,0.0,0.0,0.0,0.0
North America,1997,6574.065,0.0,0.0,0.0,0.0,0.0,0.0,0.0,0.0,0.0,0.0,0.0,0.0,0.0
North America,1998,6645.516,0.0,0.0,0.0,0.0,0.0,0.0,0.0,0.0,0.0,0.0,0.0,0.0,0.0
North America,1999,6735.32,0.0,0.0,0.0,0.0,0.0,0.0,0.0,0.0,0.0,0.0,0.0,0.0,0.0
North America,2000,6969.68,0.0,0.0,0.0,0.0,0.0,0.0,0.0,0.0,0.0,0.0,0.0,0.0,0.0
North America,2001,6875.291,0.0,0.0,0.0,0.0,0.0,0.0,0.0,0.0,0.0,0.0,0.0,0.0,0.0
North America,2002,6921.827,0.0,0.0,0.0,0.0,0.0,0.0,0.0,0.0,0.0,0.0,0.0,0.0,0.0
North America,2003,7028.464,0.0,0.0,0.0,0.0,0.0,0.0,0.0,0.0,0.0,0.0,0.0,0.0,0.0
North America,2004,7131.842,0.0,0.0,0.0,0.0,0.0,0.0,0.0,0.0,0.0,0.0,0.0,0.0,0.0
North America,2005,7171.297,0.0,0.0,0.0,0.0,0.0,0.0,0.0,0.0,0.0,0.0,0.0,0.0,0.0
North America,2006,7096.743,0.0,0.0,0.0,0.0,0.0,0.0,0.0,0.0,0.0,0.0,0.0,0.0,0.0
North America,2007,7198.346,0.0,0.0,0.0,0.0,0.0,0.0,0.0,0.0,0.0,0.0,0.0,0.0,0.0
North America,2008,6965.778,0.0,0.0,0.0,0.0,0.0,0.0,0.0,0.0,0.0,0.0,0.0,0.0,0.0
North America,2009,6485.941,0.0,0.0,0.0,0.0,0.0,0.0,0.0,0.0,0.0,0.0,0.0,0.0,0.0
North America,2010,6693.121,0.0,0.0,0.0,0.0,0.0,0.0,0.0,0.0,0.0,0.0,0.0,0.0,0.0
North America,2011,6595.566,0.0,0.0,0.0,0.0,0.0,0.0,0.0,0.0,0.0,0.0,0.0,0.0,0.0
North America,2012,6412.082,0.0,0.0,0.0,0.0,0.0,0.0,0.0,0.0,0.0,0.0,0.0,0.0,0.0
North America,2013,6545.811,0.0,0.0,0.0,0.0,0.0,0.0,0.0,0.0,0.0,0.0,0.0,0.0,0.0
North America,2014,6579.736,0.0,0.0,0.0,0.0,0.0,0.0,0.0,0.0,0.0,0.0,0.0,0.0,0.0
North America,2015,6427.265,0.0,0.0,0.0,0.0,0.0,0.0,0.0,0.0,0.0,0.0,0.0,0.0,0.0
North America,2016,6291.004,0.0,0.0,0.0,0.0,0.0,0.0,0.0,0.0,0.0,0.0,0.0,0.0,0.0
North America,2017,6245.045,0.0,0.0,0.0,0.0,0.0,0.0,0.0,0.0,0.0,0.0,0.0,0.0,0.0
North America,2018,6425.753,0.0,0.0,0.0,0.0,0.0,0.0,0.0,0.0,0.0,0.0,0.0,0.0,0.0
North America,2019,6309.677,0.0,0.0,0.0,0.0,0.0,0.0,0.0,0.0,0.0,0.0,0.0,0.0,0.0
North America,2020,5680.362,0.0,0.0,0.0,0.0,0.0,0.0,0.0,0.0,0.0,0.0,0.0,0.0,0.0
North America,2021,6038.805,0.0,0.0,0.0,0.0,0.0,0.0,0.0,0.0,0.0,0.0,0.0,0.0,0.0
North America,2022,6117.872,0.0,0.0,0.0,0.0,0.0,0.0,0.0,0.0,0.0,0.0,0.0,0.0,0.0
North America,1980,811.515,16.522,92.098,16.898,163.094,522.904,0.0,5.749,517.287,0.0,0.028,0.009,0.001,0.038
North America,1981,807.941,16.898,92.582,18.783,164.002,515.677,0.0,5.615,527.703,0.0,0.028,0.009,0.001,0.039
North America,1982,815.066,16.424,99.272,25.994,169.52,503.856,0.0,5.563,552.047,0.0,0.029,0.009,0.001,0.039
North America,1983,772.694,15.305,104.574,20.951,173.754,458.11,0.0,5.179,591.554,0.0,0.029,0.009,0.001,0.04
North America,1984,797.747,16.406,113.936,18.261,181.515,467.629,0.0,5.253,547.19,0.0,0.03,0.01,0.001,0.041
North America,1985,810.881,18.017,113.093,19.009,189.293,471.469,0.0,5.247,508.393,0.0,0.03,0.01,0.002,0.042
North America,1986,784.792,17.903,105.311,15.812,171.821,473.946,0.0,4.991,644.85,0.0,0.031,0.01,0.002,0.043
North America,1987,828.563,20.589,111.661,15.953,176.25,504.111,0.0,5.18,662.149,0.0,0.032,0.01,0.002,0.043
North America,1988,853.181,20.298,118.171,13.353,184.228,517.131,0.0,5.241,670.312,0.0,0.032,0.01,0.002,0.044
North America,1989,883.675,20.573,120.432,10.94,199.448,532.282,0.0,5.334,667.513,0.0,0.033,0.011,0.002,0.045
North America,1990,868.89,20.888,116.133,16.294,189.529,522.917,3.13,5.15,651.477,0.0,0.033,0.011,0.002,0.046
North America,1991,872.651,19.461,120.691,16.74,191.62,520.863,3.276,5.078,551.344,0.0,0.034,0.011,0.002,0.047
North America,1992,887.668,19.884,122.845,18.017,199.479,524.465,2.979,5.074,570.678,0.0,0.034,0.011,0.002,0.048
North America,1993,893.855,20.747,118.112,18.515,203.946,529.589,2.946,5.02,530.159,0.0,0.035,0.012,0.002,0.048
North America,1994,925.729,23.169,123.777,17.934,209.668,547.927,3.254,5.111,593.353,0.0,0.036,0.012,0.002,0.049
North America,1995,924.66,21.395,127.585,18.803,216.785,536.864,3.228,5.02,543.288,0.0,0.036,0.012,0.002,0.05
North America,1996,957.39,22.512,132.599,21.269,231.065,546.711,3.234,5.114,558.677,0.0,0.037,0.012,0.002,0.051
North America,1997,999.259,24.157,139.76,22.805,233.401,575.672,3.465,5.255,577.298,0.0,0.037,0.012,0.002,0.052
North America,1998,1025.9,24.983,147.054,24.412,238.02,588.058,3.372,5.314,594.648,0.0,0.038,0.013,0.002,0.053
North America,1999,1050.339,25.998,147.201,21.557,251.929,600.38,3.274,5.36,569.662,0.0,0.039,0.013,0.002,0.054
North America,2000,1090.256,27.266,157.906,21.806,275.366,604.535,3.375,5.484,565.647,0.0,0.039,0.013,0.002,0.055
North America,2001,1103.441,26.698,159.645,20.429,272.107,621.7,2.861,5.471,553.099,0.0,0.04,0.013,0.002,0.056
North America,2002,1115.985,27.73,161.722,19.863,289.742,613.988,2.941,5.455,572.553,0.0,0.041,0.014,0.002,0.057
North America,2003,1165.74,28.046,170.749,19.616,305.464,638.924,2.942,5.621,454.459,0.0,0.042,0.014,0.002,0.058
North America,2004,1163.478,29.035,157.849,19.328,307.219,646.957,3.09,5.535,417.322,0.0,0.042,0.014,0.003,0.059
North America,2005,1192.119,30.769,166.881,19.479,311.722,660.274,2.994,5.597,396.06,0.0,0.043,0.014,0.003,0.06
North America,2006,1207.273,32.501,168.49,20.35,327.168,655.813,2.951,5.596,384.191,0.0,0.044,0.015,0.003,0.061
North America,2007,1236.442,34.133,168.527,21.442,342.747,666.744,2.85,5.659,283.123,0.0,0.044,0.015,0.003,0.062
North America,2008,1218.282,33.254,157.605,22.41,342.303,659.99,2.719,5.506,228.331,0.0,0.045,0.015,0.003,0.063
North America,2009,1171.048,30.146,137.748,20.171,340.937,639.79,2.257,5.228,183.837,0.0,0.045,0.015,0.003,0.064
North America,2010,1186.408,29.986,150.718,19.561,348.962,634.93,2.25,5.23,145.22,0.0,0.046,0.015,0.003,0.065
North America,2011,1222.371,30.868,148.06,21.666,371.316,648.034,2.426,5.319,114.286,0.0,0.047,0.016,0.003,0.065
North America,2012,1239.966,32.306,135.884,24.585,378.646,666.005,2.539,5.326,120.946,0.0,0.047,0.016,0.003,0.066
North America,2013,1238.116,30.818,135.797,25.496,392.155,651.387,2.463,5.252,118.636,0.0,0.048,0.016,0.003,0.067
North America,2014,1226.638,31.824,133.412,26.78,395.388,636.73,2.504,5.141,320.68,0.0,0.049,0.016,0.003,0.068
North America,2015,1233.445,33.115,131.016,26.184,406.147,634.664,2.319,5.111,436.781,0.0,0.049,0.017,0.003,0.069
North America,2016,1214.662,34.152,130.158,23.19,400.734,624.154,2.275,4.977,511.595,0.0,0.05,0.017,0.003,0.07
North America,2017,1206.08,35.431,129.13,22.472,396.723,620.118,2.206,4.887,462.719,0.0,0.051,0.017,0.004,0.071
North America,2018,1221.378,35.321,117.028,23.366,436.585,606.917,2.161,4.897,473.783,0.0,0.051,0.017,0.004,0.072
North America,2019,1226.969,33.945,114.325,24.848,431.45,620.258,2.143,4.871,486.126,0.0,0.052,0.017,0.004,0.073
North America,2020,1120.473,33.797,91.251,27.797,442.182,523.401,2.045,4.41,492.879,0.0,0.053,0.017,0.004,0.074
North America,2021,1169.107,36.755,83.685,29.861,456.667,560.004,2.135,4.569,514.148,0.0,0.053,0.018,0.004,0.075
North America,2022,1222.386,36.021,78.785,28.318,466.303,610.823,2.135,4.741,524.412,0.0,0.054,0.018,0.004,0.075
Oceania,1980,227.388,3.11,106.207,0.381,19.492,98.197,0.0,9.992,187.14,978.535,0.01,0.008,0.002,0.019
Oceania,1981,235.792,3.513,109.066,0.077,22.523,100.613,0.0,10.207,196.567,992.48,0.01,0.008,0.002,0.02
Oceania,1982,241.296,3.32,111.828,0.103,26.392,99.653,0.0,10.281,130.598,989.074,0.01,0.008,0.002,0.02
Oceania,1983,230.603,2.879,109.77,0.539,26.982,90.435,0.0,9.678,300.672,986.206,0.01,0.008,0.002,0.02
Oceania,1984,241.78,3.218,113.685,0.337,29.645,94.894,0.0,10.004,179.696,1024.616,0.01,0.008,0.002,0.021
Oceania,1985,251.882,3.514,123.786,0.352,37.017,87.213,0.0,10.278,128.27,1050.708,0.011,0.008,0.002,0.021
Oceania,1986,252.363,3.487,122.773,0.319,36.33,89.455,0.0,10.15,82.619,1078.818,0.011,0.008,0.002,0.021
Oceania,1987,264.348,3.439,130.711,0.256,36.886,93.056,0.0,10.471,38.49,1105.777,0.011,0.008,0.002,0.021
Oceania,1988,271.777,3.655,135.772,0.348,38.367,93.635,0.0,10.597,19.804,1156.551,0.011,0.008,0.002,0.022
Oceania,1989,287.94,3.863,145.918,0.535,39.243,98.381,0.0,11.051,20.672,1208.957,0.011,0.008,0.002,0.022
Oceania,1990,309.503,3.97,147.032,7.732,41.744,106.297,2.727,11.676,25.287,1237.514,0.011,0.008,0.002,0.022
Oceania,1991,311.629,3.69,151.104,7.556,40.887,105.633,2.76,11.553,-23.728,1234.127,0.011,0.009,0.002,0.022
Oceania,1992,318.665,3.471,155.348,7.844,42.54,106.513,2.95,11.633,51.331,1250.922,0.012,0.009,0.002,0.023
Oceania,1993,322.921,3.563,155.457,7.655,43.99,109.077,3.179,11.619,62.381,1280.689,0.012,0.009,0.003,0.023
Oceania,1994,328.049,4.056,156.592,7.427,44.809,111.552,3.613,11.631,70.956,1332.689,0.012,0.009,0.003,0.023
Oceania,1995,339.534,3.974,160.914,7.561,47.052,116.461,3.571,11.85,233.502,1369.204,0.012,0.009,0.003,0.024
Oceania,1996,348.049,3.828,165.702,7.43,48.156,119.293,3.639,11.953,240.934,1406.125,0.012,0.009,0.003,0.024
Oceania,1997,358.511,3.796,172.98,7.44,50.591,119.794,3.911,12.122,177.079,1435.31,0.013,0.009,0.003,0.024
Oceania,1998,371.805,4.001,182.507,8.278,51.767,121.112,4.14,12.387,253.405,1464.353,0.013,0.009,0.003,0.024
Oceania,1999,382.569,4.09,188.191,7.889,54.968,123.042,4.388,12.56,206.149,1517.28,0.013,0.009,0.003,0.025
Oceania,2000,390.088,4.23,190.901,8.82,56.344,125.664,4.129,12.615,248.984,1534.817,0.013,0.009,0.003,0.025
Oceania,2001,400.402,4.151,196.197,8.914,60.067,126.798,4.274,12.746,116.998,1542.868,0.014,0.009,0.003,0.025
Oceania,2002,406.002,4.123,197.318,8.772,60.746,130.388,4.654,12.715,77.113,1577.037,0.014,0.009,0.003,0.026
Oceania,2003,415.573,4.206,203.972,7.883,58.514,136.341,4.656,12.803,245.696,1588.933,0.014,0.009,0.003,0.026
Oceania,2004,429.315,4.135,210.958,7.93,60.041,141.574,4.676,13.016,203.53,1639.124,0.014,0.009,0.003,0.026
Oceania,2005,434.619,4.344,210.301,8.421,62.351,144.492,4.709,12.966,92.91,1639.109,0.014,0.009,0.003,0.027
Oceania,2006,440.848,4.535,213.922,8.75,63.656,145.416,4.567,12.925,56.698,1701.102,0.015,0.009,0.003,0.027
Oceania,2007,448.951,4.762,210.911,8.991,69.584,149.875,4.829,12.916,165.141,1735.627,0.015,0.009,0.003,0.027
Oceania,2008,453.165,4.609,213.612,9.476,69.904,150.759,4.804,12.778,309.812,1761.835,0.015,0.009,0.003,0.028
Oceania,2009,453.393,4.51,213.241,9.507,71.24,150.364,4.53,12.535,136.477,1739.068,0.015,0.009,0.003,0.028
Oceania,2010,452.128,4.229,207.32,9.749,73.308,152.786,4.736,12.277,556.364,1743.969,0.016,0.009,0.003,0.028
Oceania,2011,450.866,4.144,199.036,9.407,74.798,158.694,4.787,12.037,296.698,1794.699,0.016,0.009,0.003,0.029
Oceania,2012,454.608,4.191,197.366,9.658,76.694,162.104,4.597,11.929,188.467,1773.961,0.016,0.01,0.003,0.029
Oceania,2013,447.43,3.995,183.758,10.037,78.503,166.899,4.238,11.536,197.655,1795.154,0.017,0.01,0.003,0.029
Oceania,2014,443.793,3.869,175.528,11.044,80.018,168.596,4.738,11.248,113.159,1817.135,0.017,0.01,0.003,0.03
Oceania,2015,452.367,3.817,181.715,12.313,80.755,169.01,4.757,11.272,73.798,1853.464,0.017,0.01,0.003,0.03
Oceania,2016,460.576,3.544,186.661,13.767,82.912,169.081,4.611,11.28,125.017,1862.188,0.017,0.01,0.003,0.03
Oceania,2017,465.37,3.556,184.577,16.044,85.074,171.583,4.537,11.201,80.095,1861.493,0.017,0.01,0.004,0.031
Oceania,2018,468.454,3.447,177.7,18.005,87.228,177.531,4.543,11.082,56.116,1883.457,0.018,0.01,0.004,0.031
Oceania,2019,470.116,3.529,173.733,21.175,89.906,177.215,4.559,10.93,39.749,1943.529,0.018,0.01,0.004,0.031
Oceania,2020,447.292,3.264,164.934,15.433,93.257,166.06,4.343,10.243,29.793,1824.383,0.018,0.01,0.004,0.031
Oceania,2021,437.097,3.334,160.011,14.109,88.74,166.349,4.555,9.883,23.167,1824.625,0.018,0.009,0.004,0.031
Oceania,2022,441.078,3.334,151.278,14.145,91.646,176.12,4.555,9.852,13.4,1893.227,0.018,0.009,0.004,0.031
Oceania,1980,225.659,0.0,0.0,0.0,0.0,0.0,0.0,0.0,0.0,0.0,0.0,0.0,0.0,0.0
Oceania,1981,233.963,0.0,0.0,0.0,0.0,0.0,0.0,0.0,0.0,0.0,0.0,0.0,0.0,0.0
Oceania,1982,239.423,0.0,0.0,0.0,0.0,0.0,0.0,0.0,0.0,0.0,0.0,0.0,0.0,0.0
Oceania,1983,228.676,0.0,0.0,0.0,0.0,0.0,0.0,0.0,0.0,0.0,0.0,0.0,0.0,0.0
Oceania,1984,239.735,0.0,0.0,0.0,0.0,0.0,0.0,0.0,0.0,0.0,0.0,0.0,0.0,0.0
Oceania,1985,249.757,0.0,0.0,0.0,0.0,0.0,0.0,0.0,0.0,0.0,0.0,0.0,0.0,0.0
Oceania,1986,250.301,0.0,0.0,0.0,0.0,0.0,0.0,0.0,0.0,0.0,0.0,0.0,0.0,0.0
Oceania,1987,262.014,0.0,0.0,0.0,0.0,0.0,0.0,0.0,0.0,0.0,0.0,0.0,0.0,0.0
Oceania,1988,269.578,0.0,0.0,0.0,0.0,0.0,0.0,0.0,0.0,0.0,0.0,0.0,0.0,0.0
Oceania,1989,285.907,0.0,0.0,0.0,0.0,0.0,0.0,0.0,0.0,0.0,0.0,0.0,0.0,0.0
Oceania,1990,307.348,0.0,0.0,0.0,0.0,0.0,0.0,0.0,0.0,0.0,0.0,0.0,0.0,0.0
Oceania,1991,309.46,0.0,0.0,0.0,0.0,0.0,0.0,0.0,0.0,0.0,0.0,0.0,0.0,0.0
Oceania,1992,316.474,0.0,0.0,0.0,0.0,0.0,0.0,0.0,0.0,0.0,0.0,0.0,0.0,0.0
Oceania,1993,320.73,0.0,0.0,0.0,0.0,0.0,0.0,0.0,0.0,0.0,0.0,0.0,0.0,0.0
Oceania,1994,325.863,0.0,0.0,0.0,0.0,0.0,0.0,0.0,0.0,0.0,0.0,0.0,0.0,0.0
Oceania,1995,337.474,0.0,0.0,0.0,0.0,0.0,0.0,0.0,0.0,0.0,0.0,0.0,0.0,0.0
Oceania,1996,345.859,0.0,0.0,0.0,0.0,0.0,0.0,0.0,0.0,0.0,0.0,0.0,0.0,0.0
Oceania,1997,355.897,0.0,0.0,0.0,0.0,0.0,0.0,0.0,0.0,0.0,0.0,0.0,0.0,0.0
Oceania,1998,368.273,0.0,0.0,0.0,0.0,0.0,0.0,0.0,0.0,0.0,0.0,0.0,0.0,0.0
Oceania,1999,380.017,0.0,0.0,0.0,0.0,0.0,0.0,0.0,0.0,0.0,0.0,0.0,0.0,0.0
Oceania,2000,387.15,0.0,0.0,0.0,0.0,0.0,0.0,0.0,0.0,0.0,0.0,0.0,0.0,0.0
Oceania,2001,397.067,0.0,0.0,0.0,0.0,0.0,0.0,0.0,0.0,0.0,0.0,0.0,0.0,0.0
Oceania,2002,402.34,0.0,0.0,0.0,0.0,0.0,0.0,0.0,0.0,0.0,0.0,0.0,0.0,0.0
Oceania,2003,411.515,0.0,0.0,0.0,0.0,0.0,0.0,0.0,0.0,0.0,0.0,0.0,0.0,0.0
Oceania,2004,424.62,0.0,0.0,0.0,0.0,0.0,0.0,0.0,0.0,0.0,0.0,0.0,0.0,0.0
Oceania,2005,429.639,0.0,0.0,0.0,0.0,0.0,0.0,0.0,0.0,0.0,0.0,0.0,0.0,0.0
Oceania,2006,435.797,0.0,0.0,0.0,0.0,0.0,0.0,0.0,0.0,0.0,0.0,0.0,0.0,0.0
Oceania,2007,442.37,0.0,0.0,0.0,0.0,0.0,0.0,0.0,0.0,0.0,0.0,0.0,0.0,0.0
Oceania,2008,447.62,0.0,0.0,0.0,0.0,0.0,0.0,0.0,0.0,0.0,0.0,0.0,0.0,0.0
Oceania,2009,448.128,0.0,0.0,0.0,0.0,0.0,0.0,0.0,0.0,0.0,0.0,0.0,0.0,0.0
Oceania,2010,447.413,0.0,0.0,0.0,0.0,0.0,0.0,0.0,0.0,0.0,0.0,0.0,0.0,0.0
Oceania,2011,445.567,0.0,0.0,0.0,0.0,0.0,0.0,0.0,0.0,0.0,0.0,0.0,0.0,0.0
Oceania,2012,449.54,0.0,0.0,0.0,0.0,0.0,0.0,0.0,0.0,0.0,0.0,0.0,0.0,0.0
Oceania,2013,442.001,0.0,0.0,0.0,0.0,0.0,0.0,0.0,0.0,0.0,0.0,0.0,0.0,0.0
Oceania,2014,437.133,0.0,0.0,0.0,0.0,0.0,0.0,0.0,0.0,0.0,0.0,0.0,0.0,0.0
Oceania,2015,445.729,0.0,0.0,0.0,0.0,0.0,0.0,0.0,0.0,0.0,0.0,0.0,0.0,0.0
Oceania,2016,453.541,0.0,0.0,0.0,0.0,0.0,0.0,0.0,0.0,0.0,0.0,0.0,0.0,0.0
Oceania,2017,458.71,0.0,0.0,0.0,0.0,0.0,0.0,0.0,0.0,0.0,0.0,0.0,0.0,0.0
Oceania,2018,460.848,0.0,0.0,0.0,0.0,0.0,0.0,0.0,0.0,0.0,0.0,0.0,0.0,0.0
Oceania,2019,462.299,0.0,0.0,0.0,0.0,0.0,0.0,0.0,0.0,0.0,0.0,0.0,0.0,0.0
Oceania,2020,439.568,0.0,0.0,0.0,0.0,0.0,0.0,0.0,0.0,0.0,0.0,0.0,0.0,0.0
Oceania,2021,429.151,0.0,0.0,0.0,0.0,0.0,0.0,0.0,0.0,0.0,0.0,0.0,0.0,0.0
Oceania,2022,433.254,0.0,0.0,0.0,0.0,0.0,0.0,0.0,0.0,0.0,0.0,0.0,0.0,0.0
Africa,1980,228.198,3.518,194.06,0.0,0.0,30.62,0.0,7.745,56.165,645.864,0.004,0.002,0.0,0.006
Africa,1981,257.075,3.952,218.147,0.0,0.0,34.977,0.0,8.503,56.043,751.926,0.004,0.002,0.0,0.007
Africa,1982,280.433,3.904,230.754,0.0,0.0,45.775,0.0,9.04,56.79,808.715,0.005,0.002,0.0,0.007
Africa,1983,291.902,3.846,239.823,0.0,0.0,48.233,0.0,9.161,58.263,819.453,0.005,0.002,0.0,0.007
Africa,1984,315.593,3.981,264.775,0.0,0.0,46.837,0.0,9.631,56.372,895.522,0.005,0.002,0.0,0.007
Africa,1985,323.861,3.419,273.529,0.0,0.0,46.914,0.0,9.595,74.251,914.556,0.005,0.002,0.0,0.008
Africa,1986,330.497,3.258,280.295,0.0,0.0,46.944,0.0,9.476,65.085,931.701,0.005,0.002,0.0,0.008
Africa,1987,328.665,3.265,283.979,0.0,0.0,41.421,0.0,9.099,69.063,946.451,0.005,0.002,0.0,0.008
Africa,1988,342.655,4.108,293.666,0.0,0.0,44.88,0.0,9.163,74.431,1042.3,0.005,0.002,0.0,0.008
Africa,1989,340.711,3.883,283.953,0.0,0.0,52.875,0.0,8.811,77.417,995.722,0.006,0.002,0.0,0.008
Africa,1990,312.93,3.773,265.098,0.0,3.444,40.615,0.0,7.847,77.432,1029.669,0.006,0.002,0.0,0.009
Africa,1991,326.027,3.584,277.713,0.0,3.492,41.238,0.0,7.969,86.971,1022.248,0.006,0.003,0.0,0.009
Africa,1992,301.325,3.387,259.668,0.0,3.517,34.753,0.0,7.216,91.126,1027.038,0.006,0.003,0.0,0.009
Africa,1993,320.345,3.541,289.723,0.0,3.924,23.156,0.0,7.533,78.491,1025.258,0.006,0.003,0.0,0.009
Africa,1994,338.698,3.801,299.202,0.124,3.924,31.646,0.0,7.828,75.035,1069.309,0.006,0.003,0.0,0.01
Africa,1995,361.694,4.357,319.53,0.115,3.924,33.767,0.0,8.223,80.144,1117.516,0.007,0.003,0.0,0.01
Africa,1996,363.732,4.318,324.11,0.123,3.532,31.65,0.0,8.144,75.642,1139.763,0.007,0.003,0.0,0.01
Africa,1997,385.223,4.324,333.296,0.206,3.155,44.243,0.0,8.507,70.715,1165.543,0.007,0.003,0.001,0.011
Africa,1998,377.262,3.952,325.821,0.246,2.656,44.587,0.0,8.228,68.524,1145.026,0.007,0.003,0.001,0.011
Africa,1999,374.891,3.777,336.747,0.204,3.473,30.69,0.0,8.086,67.29,1183.745,0.007,0.003,0.001,0.011
Africa,2000,378.307,3.672,337.883,0.251,3.199,33.302,0.0,8.081,57.645,1185.383,0.008,0.003,0.001,0.011
Africa,2001,371.624,3.636,337.693,0.254,4.155,25.886,0.0,7.868,54.146,1191.536,0.008,0.003,0.001,0.012
Africa,2002,356.523,4.205,325.528,0.218,4.122,22.449,0.0,7.48,46.075,1161.125,0.008,0.003,0.001,0.012
Africa,2003,404.41,4.458,357.445,0.293,2.47,39.744,0.0,8.407,40.37,1257.957,0.008,0.003,0.001,0.012
Africa,2004,449.307,4.335,384.086,0.283,6.364,54.238,0.0,9.253,38.187,1372.774,0.008,0.003,0.001,0.012
Africa,2005,416.201,5.068,376.718,0.271,6.313,27.832,0.0,8.491,30.581,1299.322,0.009,0.003,0.001,0.013
Africa,2006,446.77,5.333,382.017,0.215,6.126,53.08,0.0,9.027,34.358,1326.061,0.009,0.004,0.001,0.013
Africa,2007,465.045,5.491,392.172,0.158,7.892,59.332,0.0,9.302,42.15,1362.195,0.009,0.004,0.001,0.013
Africa,2008,495.171,5.343,418.297,0.171,8.119,63.241,0.0,9.793,32.312,1459.696,0.009,0.004,0.001,0.013
Africa,2009,480.572,5.571,390.674,0.169,7.039,77.12,0.0,9.392,22.698,1453.214,0.009,0.004,0.001,0.014
Africa,2010,463.0,5.045,394.437,0.193,8.867,54.458,0.0,8.941,10.803,1463.988,0.01,0.004,0.001,0.014
Africa,2011,465.908,4.638,389.67,0.133,8.801,62.665,0.0,8.884,6.98,1446.214,0.01,0.004,0.001,0.014
Africa,2012,458.954,4.633,392.821,0.073,9.255,52.172,0.0,8.636,8.301,1423.831,0.01,0.004,0.001,0.015
Africa,2013,458.628,4.893,392.664,0.051,9.384,51.637,0.0,8.513,5.025,1430.122,0.01,0.004,0.001,0.015
Africa,2014,471.866,4.911,399.204,0.052,9.043,58.657,0.0,8.622,1.483,1446.701,0.01,0.004,0.001,0.015
Africa,2015,446.221,5.419,377.026,0.045,9.966,53.766,0.0,7.986,1.111,1417.702,0.011,0.004,0.001,0.015
Africa,2016,456.973,5.691,384.49,0.042,7.815,58.935,0.0,8.099,-0.9,1482.439,0.011,0.004,0.001,0.016
Africa,2017,439.38,5.481,369.918,0.03,7.339,56.612,0.0,7.757,-4.086,1476.937,0.011,0.004,0.001,0.016
Africa,2018,435.237,5.466,355.112,0.057,9.12,65.482,0.0,7.591,-2.617,1421.174,0.011,0.004,0.001,0.016
Africa,2019,465.429,5.453,394.345,0.042,9.105,56.484,0.0,8.013,-0.619,1485.7,0.011,0.004,0.001,0.016
Africa,2020,434.829,5.071,373.889,0.055,9.644,46.17,0.0,7.395,-0.2,1392.896,0.012,0.004,0.001,0.017
Africa,2021,425.628,5.282,358.566,0.052,11.71,50.017,0.0,7.166,0.298,1406.093,0.012,0.004,0.001,0.017
Africa,2022,404.054,5.282,338.135,0.038,11.021,49.578,0.0,6.746,1.126,1353.265,0.012,0.004,0.001,0.017
South America,1980,508.354,23.713,39.611,17.806,64.457,362.767,0.0,2.103,1853.802,2605.953,0.048,0.023,0.002,0.073
South America,1981,489.719,23.797,39.15,15.217,64.832,346.724,0.0,1.982,1924.294,2596.231,0.049,0.023,0.002,0.074
South America,1982,490.87,22.933,39.523,15.128,70.135,343.151,0.0,1.943,1897.022,2671.791,0.05,0.024,0.002,0.076
South America,1983,485.836,19.406,43.331,15.536,75.901,331.662,0.0,1.882,1932.01,2700.283,0.05,0.024,0.002,0.077
South America,1984,491.463,18.613,49.413,18.02,81.254,324.163,0.0,1.864,1944.735,2806.303,0.051,0.025,0.002,0.079
South America,1985,501.803,19.14,55.942,16.667,81.372,328.681,0.0,1.864,1520.963,2930.802,0.052,0.025,0.003,0.08
South America,1986,529.759,22.144,56.858,16.858,88.54,345.358,0.0,1.928,1743.941,3121.96,0.053,0.026,0.003,0.081
South America,1987,557.252,23.205,62.713,17.763,95.106,358.464,0.0,1.988,1737.635,3243.154,0.054,0.026,0.003,0.083
South America,1988,580.15,23.394,65.179,19.603,103.557,368.418,0.0,2.029,1663.289,3347.954,0.055,0.027,0.003,0.084
South America,1989,579.469,21.676,68.64,17.789,103.584,367.779,0.0,1.988,1648.276,3411.36,0.055,0.028,0.003,0.086
South America,1990,599.2,21.335,66.519,28.179,107.281,372.198,3.688,2.017,1770.248,3438.243,0.056,0.028,0.003,0.088
South America,1991,606.669,22.987,68.307,27.253,111.879,372.488,3.755,2.006,1902.269,3546.201,0.057,0.029,0.003,0.089
South America,1992,618.657,21.75,67.412,27.703,90.156,407.689,3.948,2.01,1992.787,3685.364,0.058,0.029,0.003,0.091
South America,1993,653.444,23.224,69.061,31.587,104.214,421.116,4.241,2.087,1901.512,3835.084,0.059,0.03,0.003,0.093
South America,1994,656.306,24.705,72.209,19.502,117.392,418.399,4.098,2.061,2440.092,4075.984,0.061,0.03,0.003,0.095
South America,1995,689.413,26.413,75.141,20.543,134.738,428.474,4.104,2.129,2473.781,4285.389,0.062,0.031,0.003,0.096
South America,1996,719.73,28.549,77.874,19.839,149.804,439.416,4.248,2.187,2263.218,4463.815,0.063,0.032,0.004,0.098
South America,1997,766.788,31.297,82.109,22.797,160.996,465.25,4.338,2.294,2506.997,4709.889,0.065,0.032,0.004,0.1
South America,1998,826.149,32.436,82.876,22.789,178.522,505.386,4.141,2.434,2851.417,4831.735,0.066,0.033,0.004,0.102
South America,1999,812.354,31.303,78.707,22.603,155.254,520.135,4.352,2.358,2723.641,4827.181,0.067,0.033,0.004,0.104
South America,2000,811.73,31.027,79.041,23.077,166.639,506.938,5.008,2.323,2360.513,4975.215,0.069,0.034,0.004,0.106
South America,2001,791.288,29.918,72.54,23.258,165.683,495.078,4.811,2.233,2185.831,4931.771,0.07,0.034,0.004,0.108
South America,2002,819.469,27.623,71.3,21.257,180.428,513.906,4.956,2.283,2387.618,4973.313,0.071,0.035,0.004,0.11
South America,2003,820.048,27.61,76.5,20.732,185.492,504.651,5.064,2.256,3933.803,5000.602,0.073,0.035,0.004,0.113
South America,2004,856.522,27.439,76.847,20.161,208.836,517.734,5.505,2.328,2977.29,5293.888,0.075,0.036,0.004,0.115
South America,2005,881.098,30.41,78.264,22.751,204.313,540.004,5.356,2.367,2605.037,5461.91,0.076,0.037,0.004,0.117
South America,2006,909.007,34.762,80.117,21.081,209.67,557.968,5.41,2.414,2356.053,5732.794,0.078,0.037,0.005,0.12
South America,2007,943.792,36.155,83.729,21.777,210.716,585.749,5.666,2.479,2052.987,6029.03,0.079,0.038,0.005,0.122
South America,2008,987.6,38.344,90.6,23.378,221.792,607.796,5.69,2.566,1822.263,6236.45,0.08,0.039,0.005,0.124
South America,2009,961.18,38.052,75.971,28.076,214.757,599.264,5.06,2.472,1829.451,6185.365,0.082,0.039,0.005,0.126
South America,2010,1072.131,40.34,94.736,25.248,241.445,664.411,5.95,2.729,1565.47,6509.428,0.083,0.04,0.005,0.128
South America,2011,1088.917,43.338,105.565,29.243,244.306,660.128,6.337,2.744,1655.178,6787.245,0.084,0.04,0.005,0.13
South America,2012,1143.867,46.479,104.75,34.973,262.339,688.921,6.403,2.853,1925.601,7031.761,0.086,0.041,0.005,0.132
South America,2013,1208.389,49.248,117.824,38.87,266.531,729.429,6.486,2.984,1685.473,7181.41,0.087,0.041,0.005,0.134
South America,2014,1228.456,49.797,120.822,41.791,278.837,730.931,6.278,3.004,1690.19,7276.008,0.088,0.042,0.006,0.136
South America,2015,1193.403,48.401,124.872,40.51,279.474,693.753,6.392,2.89,1697.344,7196.016,0.09,0.043,0.006,0.138
South America,2016,1151.329,43.96,118.289,39.308,274.948,668.431,6.392,2.762,1560.743,7153.821,0.091,0.043,0.006,0.14
South America,2017,1133.713,41.578,116.57,34.946,271.93,662.297,6.392,2.695,1368.615,7197.321,0.092,0.044,0.006,0.142
South America,2018,1067.226,40.566,113.568,37.454,263.54,605.706,6.392,2.514,1119.26,7116.15,0.093,0.044,0.006,0.143
South America,2019,1067.116,41.06,116.111,40.157,258.612,604.784,6.392,2.493,1417.044,7050.242,0.094,0.045,0.006,0.145
South America,2020,961.4,41.313,104.226,39.122,229.488,540.86,6.392,2.229,1173.796,6539.684,0.095,0.045,0.006,0.147
South America,2021,1085.906,46.898,113.634,38.604,260.745,619.634,6.392,2.502,1288.221,7058.557,0.096,0.045,0.007,0.148
South America,2022,1085.392,46.879,95.369,39.319,249.427,648.007,6.392,2.487,1227.275,7432.943,0.097,0.046,0.007,0.15
South America,1980,508.354,0.0,0.0,0.0,0.0,0.0,0.0,0.0,0.0,0.0,0.0,0.0,0.0,0.0
South America,1981,489.719,0.0,0.0,0.0,0.0,0.0,0.0,0.0,0.0,0.0,0.0,0.0,0.0,0.0
South America,1982,490.87,0.0,0.0,0.0,0.0,0.0,0.0,0.0,0.0,0.0,0.0,0.0,0.0,0.0
South America,1983,485.836,0.0,0.0,0.0,0.0,0.0,0.0,0.0,0.0,0.0,0.0,0.0,0.0,0.0
South America,1984,491.463,0.0,0.0,0.0,0.0,0.0,0.0,0.0,0.0,0.0,0.0,0.0,0.0,0.0
South America,1985,501.803,0.0,0.0,0.0,0.0,0.0,0.0,0.0,0.0,0.0,0.0,0.0,0.0,0.0
South America,1986,529.759,0.0,0.0,0.0,0.0,0.0,0.0,0.0,0.0,0.0,0.0,0.0,0.0,0.0
South America,1987,557.252,0.0,0.0,0.0,0.0,0.0,0.0,0.0,0.0,0.0,0.0,0.0,0.0,0.0
South America,1988,580.15,0.0,0.0,0.0,0.0,0.0,0.0,0.0,0.0,0.0,0.0,0.0,0.0,0.0
South America,1989,579.469,0.0,0.0,0.0,0.0,0.0,0.0,0.0,0.0,0.0,0.0,0.0,0.0,0.0
South America,1990,599.2,0.0,0.0,0.0,0.0,0.0,0.0,0.0,0.0,0.0,0.0,0.0,0.0,0.0
South America,1991,606.669,0.0,0.0,0.0,0.0,0.0,0.0,0.0,0.0,0.0,0.0,0.0,0.0,0.0
South America,1992,618.657,0.0,0.0,0.0,0.0,0.0,0.0,0.0,0.0,0.0,0.0,0.0,0.0,0.0
South America,1993,653.444,0.0,0.0,0.0,0.0,0.0,0.0,0.0,0.0,0.0,0.0,0.0,0.0,0.0
South America,1994,656.306,0.0,0.0,0.0,0.0,0.0,0.0,0.0,0.0,0.0,0.0,0.0,0.0,0.0
South America,1995,689.413,0.0,0.0,0.0,0.0,0.0,0.0,0.0,0.0,0.0,0.0,0.0,0.0,0.0
South America,1996,719.73,0.0,0.0,0.0,0.0,0.0,0.0,0.0,0.0,0.0,0.0,0.0,0.0,0.0
South America,1997,766.788,0.0,0.0,0.0,0.0,0.0,0.0,0.0,0.0,0.0,0.0,0.0,0.0,0.0
South America,1998,826.149,0.0,0.0,0.0,0.0,0.0,0.0,0.0,0.0,0.0,0.0,0.0,0.0,0.0
South America,1999,812.354,0.0,0.0,0.0,0.0,0.0,0.0,0.0,0.0,0.0,0.0,0.0,0.0,0.0
South America,2000,811.73,0.0,0.0,0.0,0.0,0.0,0.0,0.0,0.0,0.0,0.0,0.0,0.0,0.0
South America,2001,791.288,0.0,0.0,0.0,0.0,0.0,0.0,0.0,0.0,0.0,0.0,0.0,0.0,0.0
South America,2002,819.469,0.0,0.0,0.0,0.0,0.0,0.0,0.0,0.0,0.0,0.0,0.0,0.0,0.0
South America,2003,820.048,0.0,0.0,0.0,0.0,0.0,0.0,0.0,0.0,0.0,0.0,0.0,0.0,0.0
South America,2004,856.522,0.0,0.0,0.0,0.0,0.0,0.0,0.0,0.0,0.0,0.0,0.0,0.0,0.0
South America,2005,881.098,0.0,0.0,0.0,0.0,0.0,0.0,0.0,0.0,0.0,0.0,0.0,0.0,0.0
South America,2006,909.007,0.0,0.0,0.0,0.0,0.0,0.0,0.0,0.0,0.0,0.0,0.0,0.0,0.0
South America,2007,943.792,0.0,0.0,0.0,0.0,0.0,0.0,0.0,0.0,0.0,0.0,0.0,0.0,0.0
South America,2008,987.6,0.0,0.0,0.0,0.0,0.0,0.0,0.0,0.0,0.0,0.0,0.0,0.0,0.0
South America,2009,961.18,0.0,0.0,0.0,0.0,0.0,0.0,0.0,0.0,0.0,0.0,0.0,0.0,0.0
South America,2010,1072.131,0.0,0.0,0.0,0.0,0.0,0.0,0.0,0.0,0.0,0.0,0.0,0.0,0.0
South America,2011,1088.917,0.0,0.0,0.0,0.0,0.0,0.0,0.0,0.0,0.0,0.0,0.0,0.0,0.0
South America,2012,1143.867,0.0,0.0,0.0,0.0,0.0,0.0,0.0,0.0,0.0,0.0,0.0,0.0,0.0
South America,2013,1208.389,0.0,0.0,0.0,0.0,0.0,0.0,0.0,0.0,0.0,0.0,0.0,0.0,0.0
South America,2014,1228.456,0.0,0.0,0.0,0.0,0.0,0.0,0.0,0.0,0.0,0.0,0.0,0.0,0.0
South America,2015,1193.403,0.0,0.0,0.0,0.0,0.0,0.0,0.0,0.0,0.0,0.0,0.0,0.0,0.0
South America,2016,1151.329,0.0,0.0,0.0,0.0,0.0,0.0,0.0,0.0,0.0,0.0,0.0,0.0,0.0
South America,2017,1133.713,0.0,0.0,0.0,0.0,0.0,0.0,0.0,0.0,0.0,0.0,0.0,0.0,0.0
South America,2018,1067.226,0.0,0.0,0.0,0.0,0.0,0.0,0.0,0.0,0.0,0.0,0.0,0.0,0.0
South America,2019,1067.116,0.0,0.0,0.0,0.0,0.0,0.0,0.0,0.0,0.0,0.0,0.0,0.0,0.0
South America,2020,961.4,0.0,0.0,0.0,0.0,0.0,0.0,0.0,0.0,0.0,0.0,0.0,0.0,0.0
South America,2021,1085.906,0.0,0.0,0.0,0.0,0.0,0.0,0.0,0.0,0.0,0.0,0.0,0.0,0.0
South America,2022,1085.392,0.0,0.0,0.0,0.0,0.0,0.0,0.0,0.0,0.0,0.0,0.0,0.0,0.0
